title,address,url,area,price,distance(km),area_std,price_std,distance_std,max area,20
東光忠孝大潤發附近屋況新套房,東區-東光路,https://rent.591.com.tw/14123651,5,7000,4.1,0.0625,0.1429,0.2869,min area,4
市區超便宜景觀精緻套房,東區-林森路,https://rent.591.com.tw/14339034,10,9000,4.3,0.375,0.2381,0.3033,max price,25000
❤房仲精靈❤工研院清大馬偕陽台大套房,東區-光復路二段1號,https://rent.591.com.tw/14884521,8.4,16000,4.1,0.275,0.5714,0.2869,min price,4000
D老爺推薦x採光明亮精美套房x市政府旁,北區-大同路135號,https://rent.591.com.tw/16363588,7,8000,4.6,0.1875,0.1905,0.3279,max distance,12.8
✅1樓/廚房✅65吋電視✅變頻冷暖,東區-長春街108巷,https://rent.591.com.tw/16635577,12,16000,3.2,0.5,0.5714,0.2131,min distance,0.6
金山街電梯套房*近園區*工研院,東區-金山二十五街,https://rent.591.com.tw/16706220,7.5,11500,4.1,0.21875,0.3571,0.2869,,
可養貓新竹車站旁可以租屋補助含水網路管理費,北區-林森路,https://rent.591.com.tw/17005724,7,12000,4.3,0.1875,0.3810,0.3033,,
有機車位富春居樓中樓有陽台含管網路水,東區-埔頂一路,https://rent.591.com.tw/17212222,12,21500,3.5,0.5,0.8333,0.2377,,
24小時門禁管理近新竹科學園區.康橋可報稅.可租補,東區-富群街2號,https://rent.591.com.tw/17256457,9,12900,6.6,0.3125,0.4238,0.4918,,
可寵無印風房近新竹科學園區、康橋，可報稅！,東區-富群街2號,https://rent.591.com.tw/17295317,9,11500,6.6,0.3125,0.3571,0.4918,,
金山街套房*流理臺*陽台*洗衣機*,東區-金山二十五街,https://rent.591.com.tw/17662303,10,13500,4.1,0.375,0.4524,0.2869,,
金山街套房*流理臺*陽台*洗衣機*,東區-金山二十三街,https://rent.591.com.tw/17662303,7.5,12000,4.1,0.21875,0.3810,0.2869,,
"可寵近新竹科學園區,雙面落地採光，花園景觀大露台可報稅.租補",東區-富群街2號,https://rent.591.com.tw/18020082,10,15500,6.6,0.375,0.5476,0.4918,,
近竹科溫馨套房,東區-高峰路16號,https://rent.591.com.tw/18182385,6,7000,2.7,0.125,0.1429,0.1721,,
寓見愛有陽台套房,北區-經國路二段,https://rent.591.com.tw/18311448,7,12500,5.2,0.1875,0.4048,0.3770,,
"兆基-近園區飯店式優質套房,可申請租補",東區-光復路二段,https://rent.591.com.tw/18362840,9.3,14800,4.6,0.33125,0.5143,0.3279,,
兆基-飯店式優質套房,東區-光復路二段,https://rent.591.com.tw/18362947,10.4,14800,4.6,0.4,0.5143,0.3279,,
兆基/可寵可租補獨洗曬大套房,北區-境福街,https://rent.591.com.tw/18362950,7.8,12000,6.2,0.2375,0.3810,0.4590,,
有巢六家-可租補西大近園區套房<內裝可談>,北區-西大路,https://rent.591.com.tw/18511609,5,7000,3,0.0625,0.1429,0.1967,,
東區稀有釋出採光佳近園區清交大工研院,東區-公園路186巷,https://rent.591.com.tw/18532843,7,8800,4.6,0.1875,0.2286,0.3279,,
東區稀有釋出採光佳近園區清交大,東區-公園路186巷,https://rent.591.com.tw/18532843,7,8800,4.6,0.1875,0.2286,0.3279,,
全新套房出租,香山區-中山路600巷19號,https://rent.591.com.tw/18535674,8,9000,5,0.25,0.2381,0.3607,,
全新套房出租,東區-明湖路1008巷21弄,https://rent.591.com.tw/18535674,8,14500,4.4,0.25,0.5000,0.3115,,
§近園區舒適素雅獨立套房家電全附車位§,東區-明湖路,https://rent.591.com.tw/18553796,10,16000,4.3,0.375,0.5714,0.3033,,
兆基社會住宅🏡振興路便宜大套房,東區-八德路,https://rent.591.com.tw/18586028,8.7,9000,4.4,0.29375,0.2381,0.3115,,
經國三廠~好想租的採光大獨套~,北區-經國路二段620巷,https://rent.591.com.tw/18587502,10,8800,5.3,0.375,0.2286,0.3852,,
金山會館套房房東自租省服務費,東區-金山十三街,https://rent.591.com.tw/18631541,8,12000,3.5,0.25,0.3810,0.2377,,
房東自租仲介勿擾金山會館套房,東區-金山十三街,https://rent.591.com.tw/18631818,8,12500,3.5,0.25,0.4048,0.2377,,
兆基社會住宅🏡明湖路進園區樓中樓大套房,東區-明湖路1050巷,https://rent.591.com.tw/18638473,7.7,9000,4.3,0.23125,0.2381,0.3033,,
"近科學園區,生活機能超便利,獨立套房全新冷暖氣機,冬天也舒服",東區-新莊街228巷12弄,https://rent.591.com.tw/18652058,8,9000,3.5,0.25,0.2381,0.2377,,
想找一個安靜又便利的棲身空間嗎,香山區-大庄路160號,https://rent.591.com.tw/18690486,6,6500,8.3,0.125,0.1190,0.6311,,
兆基社會住宅🏡可租補免仲!至善街溫馨套房,香山區-至善街37巷,https://rent.591.com.tw/18698423,6.2,5300,8.6,0.1375,0.0619,0.6557,,
（已下訂）近竹科溫馨套房｜房間、衛浴皆採光｜旁運動中心,東區-光復路一段89巷,https://rent.591.com.tw/18701180,8,14800,4.1,0.25,0.5143,0.2869,,
芝柏三街，五街套房出租，6月中才有空房喔，屋主自租自管,香山區-芝柏五街,https://rent.591.com.tw/18702632,5,5000,7.1,0.0625,0.0476,0.5328,,
竹科金山街全新完工陽台洗衣機,東區-金山北三街,https://rent.591.com.tw/18702841,10,10000,3.7,0.375,0.2857,0.2541,,
金山街前段陽台洗衣機內停機車,東區-金山七街6巷,https://rent.591.com.tw/18702851,10,11000,3.3,0.375,0.3333,0.2213,,
金山街陽台洗衣機室內機車可貓僅有一間,東區-金山二十五街,https://rent.591.com.tw/18702872,10,10500,4.1,0.375,0.3095,0.2869,,
大學路近竹科園區高質感陽台洗衣機可養貓,東區-大學路51巷,https://rent.591.com.tw/18702875,10,16000,1.7,0.375,0.5714,0.0902,,
金山街後段美套房小資首選,東區-金山二十八街,https://rent.591.com.tw/18702879,7,8500,4.3,0.1875,0.2143,0.3033,,
金山街後段美套房小資首選,東區-金山二十八街,https://rent.591.com.tw/18702879,8,9500,4.3,0.25,0.2619,0.3033,,
竹科金山街近台積電/陽台洗衣機限園區上班,東區-金山二街,https://rent.591.com.tw/18702883,8,11000,3.5,0.25,0.3333,0.2377,,
竹科金山街近台積電/陽台洗衣機限園區上班,東區-金山街,https://rent.591.com.tw/18702883,8,11500,3.7,0.25,0.3571,0.2541,,
金山街陽台洗衣機優美套房限園區上班,東區-金山二十五街,https://rent.591.com.tw/18702892,10,11500,4.1,0.375,0.3571,0.2869,,
金山街陽台洗衣機優美套房限園區上班,東區-金山二十二街,https://rent.591.com.tw/18702892,12,13000,4.1,0.5,0.4286,0.2869,,
金山街後段陽台洗衣機小資首選採光好,東區-金山街,https://rent.591.com.tw/18702902,8,8500,3.7,0.25,0.2143,0.2541,,
金山街後段陽台洗衣機小資首選採光好,東區-金山街,https://rent.591.com.tw/18702902,8,8500,4.4,0.25,0.2143,0.3115,,
竹科園區金山街系統家具乾溼分離陽台洗衣機,東區-金山十三街,https://rent.591.com.tw/18702913,10,13000,3.5,0.375,0.4286,0.2377,,
金山街前段系統家具流理台陽台洗衣機,東區-金山九街,https://rent.591.com.tw/18702917,7,12000,3.4,0.1875,0.3810,0.2295,,
金山街分離式冷氣新套房小資首選僅此一間,東區-金山二十三街50巷,https://rent.591.com.tw/18702924,7,8000,4.2,0.1875,0.1905,0.2951,,
高翠路近竹科系統傢俱陽台洗衣機,東區-高翠路327巷8弄,https://rent.591.com.tw/18702939,7,11500,2.1,0.1875,0.3571,0.1230,,
金山街近竹科陽台洗衣機,東區-金山十八街,https://rent.591.com.tw/18702943,7,8500,4.3,0.1875,0.2143,0.3033,,
全新傢俱超高cp值近竹科園區前段電梯套房,東區-金山北一街,https://rent.591.com.tw/18702965,7,8000,3.7,0.1875,0.1905,0.2541,,
大學路近竹科園區高質感套房洗衣機可養貓,東區-大學路51巷,https://rent.591.com.tw/18702968,10,13000,1.7,0.375,0.4286,0.0902,,
金山街前段高CP值小資首選採光好套房,東區-金山街,https://rent.591.com.tw/18703001,7,7500,4.4,0.1875,0.1667,0.3115,,
金山街僅此一間可貓小資首選優質套房,東區-金山北一街,https://rent.591.com.tw/18703034,9,10000,3.7,0.3125,0.2857,0.2541,,
金山街陽台洗衣機流理台優美套房限園區上班,東區-金山二十七街,https://rent.591.com.tw/18703046,8,12000,4.4,0.25,0.3810,0.3115,,
"近竹科,可租補報稅!台電計價",東區-明湖路,https://rent.591.com.tw/18704770,8,13500,4.3,0.25,0.4524,0.3033,,
"近竹科,可租補報稅!台電計價",東區-明湖路1008巷,https://rent.591.com.tw/18704770,17,18000,4.5,0.8125,0.6667,0.3197,,
社會住宅可租補-近中華大學、優質大套房,香山區-至善街31巷,https://rent.591.com.tw/18706433,7.6,7500,8.4,0.225,0.1667,0.6393,,
社會住宅可租補-近馬偕醫院、忠孝大潤發,東區-光復路二段,https://rent.591.com.tw/18706462,7.3,9500,4.6,0.20625,0.2619,0.3279,,
"竹科首選,環境生活品質第一讚哪裡找!",香山區-新香街,https://rent.591.com.tw/18706686,9,7000,6.8,0.3125,0.1429,0.5082,,
近清大交大竹科有大陽台的大套房,東區-寶山路452巷3弄,https://rent.591.com.tw/18708913,10,14000,0.6,0.375,0.4762,0.0000,,
獨立漂亮套房地點佳，採光好，目質地板,北區-林森路333巷3弄3號,https://rent.591.com.tw/18709849,8,7000,4.2,0.25,0.1429,0.2951,,
清華大學旁漂亮套房(科學園區十分鐘),東區-明湖路213巷,https://rent.591.com.tw/18710760,6,6000,3.3,0.125,0.0952,0.2213,,
陸樓_一分鐘進清大交大竹科衛浴對外窗,東區-高翠路9巷2弄,https://rent.591.com.tw/18713512,6,7500,0.95,0.125,0.1667,0.0287,,
D老爺推薦x全新簡約套房X室內機車位,東區-光復路一段595號,https://rent.591.com.tw/18713687,8,10000,2.5,0.25,0.2857,0.1557,,
全新交屋寓見愛高樓層景觀戶,東區-經國路二段,https://rent.591.com.tw/18715328,11,14000,5.1,0.4375,0.4762,0.3689,,
生活機能高近大潤發馬偕中山高,東區-東勝路38號,https://rent.591.com.tw/18715377,8,8000,4.4,0.25,0.1905,0.3115,,
經國路新穎套房///,北區-經國路二段248巷,https://rent.591.com.tw/18715942,5,11000,5,0.0625,0.3333,0.3607,,
§近園區簡約風獨立套房附車位§,東區-明湖路,https://rent.591.com.tw/18716147,10,16000,4.3,0.375,0.5714,0.3033,,
近市區馬偕忠孝大潤發套房,東區-忠孝路434巷,https://rent.591.com.tw/18716449,6.5,8000,4.3,0.15625,0.1905,0.3033,,
📍新竹市區延平路可乖寵多間出租套房,北區-延平路一段214巷1弄,https://rent.591.com.tw/18716946,6,8000,6,0.125,0.1905,0.4426,,
📍近金山街、園區寵物友善單人套房,東區-光復路一段89巷,https://rent.591.com.tw/18716948,6,7000,4.1,0.125,0.1429,0.2869,,
森之妍～近園區大套房含平面車位+管理費（可租補）,東區-明湖路1200巷47號,https://rent.591.com.tw/18718196,12,18500,4.1,0.5,0.6905,0.2869,,
💥錢櫃旁大套房出租近城隍廟遠百巨城💥,北區-北大路262號,https://rent.591.com.tw/18718419,5,7500,4.6,0.0625,0.1667,0.3279,,
清大～走路8分鐘.大門磁扣密碼鎖.廚房水波爐.可報租補-禁菸,東區-建功一路104巷,https://rent.591.com.tw/18719771,5,6500,3.5,0.0625,0.1190,0.2377,,
全整整理首租電梯套房/有獨立洗衣機,東區-金山二十六街,https://rent.591.com.tw/18720035,8,11000,4.1,0.25,0.3333,0.2869,,
園區套房出租,東區-高峰路,https://rent.591.com.tw/18720116,8,12000,2.8,0.25,0.3810,0.1803,,
獨立套房、雙人人掀床、附洗衣機、好停車、禁寵菸,香山區-至善街37巷,https://rent.591.com.tw/18720229,6,6500,8.6,0.125,0.1190,0.6557,,
新竹市高翠路套房,東區-高翠路277巷2弄,https://rent.591.com.tw/18720889,6,9000,1.9,0.125,0.2381,0.1066,,
近大潤發商圈．裝潢新．獨洗陽台．含網四水,北區-東大路二段,https://rent.591.com.tw/18721336,7,10000,6.2,0.1875,0.2857,0.4590,,
園區後花園｜高質感2房｜可租車位,東區-明湖路482巷65弄,https://rent.591.com.tw/18721993,12,18000,4.7,0.5,0.6667,0.3361,,
三廠經國～精簡便宜套房～,北區-經國路二段620巷5弄,https://rent.591.com.tw/18722045,6,6000,5.3,0.125,0.0952,0.3852,,
最愛大樓一室,北區-經國路二段,https://rent.591.com.tw/18722077,7.3,8000,5.2,0.20625,0.1905,0.3770,,
金山街中段園區套房、房大便利、優質、安靜,東區-金山北二街,https://rent.591.com.tw/18722100,6,6000,3.7,0.125,0.0952,0.2541,,
大遠百旁｜嶄新電梯套房｜台水.電計費,東區-南外街,https://rent.591.com.tw/18722304,12,15000,3.8,0.5,0.5238,0.2623,,
竹科12分鐘，近巨城，有陽台，生活機能超棒,東區-自由路,https://rent.591.com.tw/18722906,17,15000,5.4,0.8125,0.5238,0.3934,,
✔近園區清交大寶山路獨立陽台洗衣機,東區-金山東街,https://rent.591.com.tw/18726185,5,12000,4.4,0.0625,0.3810,0.3115,,
全新裝潢套房/可補助/中華大學旁,香山區-五福路二段,https://rent.591.com.tw/18727090,6,7800,9.6,0.125,0.1810,0.7377,,
香山國小附近電梯套房,香山區-東華路79號,https://rent.591.com.tw/18727586,6.9,6800,5.9,0.18125,0.1333,0.4344,,
全新電梯套房，可申請租補,香山區-香檳三街,https://rent.591.com.tw/18728127,6,6500,6.9,0.125,0.1190,0.5164,,
全新電梯套房，可申請租補，公司可報稅,香山區-香檳二街,https://rent.591.com.tw/18728127,6,8000,6.7,0.125,0.1905,0.5000,,
o鄰近中華大學/全新傢俱可租補o,香山區-至善街37巷,https://rent.591.com.tw/18728640,8.6,8500,8.6,0.2875,0.2143,0.6557,,
近巨城．台大．單人套房．含網水．公司租可,東區-民族路,https://rent.591.com.tw/18728646,6,7500,5.2,0.125,0.1667,0.3770,,
新竹市東區關埔<埔頂路近科學園區>優質電梯套房,東區-埔頂路,https://rent.591.com.tw/18729585,8,9000,3.4,0.25,0.2381,0.2295,,
全新獨立洗衣機陽台套房清大交大科學園路,東區-科學園路162巷1弄,https://rent.591.com.tw/18731009,5,10000,3,0.0625,0.2857,0.1967,,
套房出租*近元培大學*,香山區-香村路,https://rent.591.com.tw/18731225,7,6000,10.7,0.1875,0.0952,0.8279,,
新竹市東區近中華路,東區-南外街16號,https://rent.591.com.tw/18731822,7,6500,3.7,0.1875,0.1190,0.2541,,
臺大醫院*舊社溫馨套房出租~湳雅商圈,北區-湳雅街311巷36弄12號,https://rent.591.com.tw/18732161,8,8300,7.5,0.25,0.2048,0.5656,,
近大庄、元培、玄裝稀有樓中樓出租免仲介費,香山區-中華路五段,https://rent.591.com.tw/18732653,9,12000,10.2,0.3125,0.3810,0.7869,,
清大/交大/園區電梯套房出租,東區-光復路一段459巷,https://rent.591.com.tw/18733794,5,7500,3.1,0.0625,0.1667,0.2049,,
清大/交大/園區電梯套房出租,東區-光復路一段459巷,https://rent.591.com.tw/18733794,5,7200,3.1,0.0625,0.1524,0.2049,,
社會住宅可租補-寧靜社區、近學區,北區-磐石路7巷,https://rent.591.com.tw/18735173,6.5,8500,5.1,0.15625,0.2143,0.3689,,
含網mod水．傢俱電．室內機車位,北區-延平路一段,https://rent.591.com.tw/18735698,9,9000,5.3,0.3125,0.2381,0.3852,,
套房．含網mod水．傢俱電．室內機車位,北區-延平路一段,https://rent.591.com.tw/18735698,6,7500,5.3,0.125,0.1667,0.3852,,
兆基社會住宅🏡秒殺可租補免仲!精美獨洗套房,北區-經國路二段,https://rent.591.com.tw/18735803,5.6,9500,5.2,0.1,0.2619,0.3770,,
L竹科-金山街-全新整理獨洗套房,東區-金山二十六街,https://rent.591.com.tw/18736813,6,11500,4.1,0.125,0.3571,0.2869,,
*全新首租*近園區可貓超讚套房,東區-光復路一段,https://rent.591.com.tw/18738032,7,9500,3.1,0.1875,0.2619,0.2049,,
光華商圈精緻套房．獨立陽台．含網水,北區-光華東街,https://rent.591.com.tw/18738496,8,15000,6.4,0.25,0.5238,0.4754,,
方正採光套房．免費洗衣,香山區-莊敬街,https://rent.591.com.tw/18738572,5,6000,8.2,0.0625,0.0952,0.6230,,
新竹香山宮口街24號歐式建築全新房屋唷,香山區-宮口街24號,https://rent.591.com.tw/18739907,6,6000,8.7,0.125,0.0952,0.6639,,
新竹香山宮口街24號歐式建築全新房屋唷,香山區-宮口街24號,https://rent.591.com.tw/18739907,6,6000,8.8,0.125,0.0952,0.6721,,
中華大學套房、近學校、交流道,香山區-柯湳一街,https://rent.591.com.tw/18740135,5,4000,8.6,0.0625,0.0000,0.6557,,
C全新電梯優質套房/獨立洗衣機/首租**,東區-金山二十六街,https://rent.591.com.tw/18740359,6,11500,4.1,0.125,0.3571,0.2869,,
B金山街//全新首租獨洗套房,東區-金山二十六街,https://rent.591.com.tw/18740373,5,10000,4.1,0.0625,0.2857,0.2869,,
B金山街//全新首租獨洗套房,東區-金山二十六街,https://rent.591.com.tw/18740373,7,11500,4.1,0.1875,0.3571,0.2869,,
金山近竹科高cp素美洗衣機套房,東區-金山二十六街,https://rent.591.com.tw/18740492,6,10500,4.1,0.125,0.3095,0.2869,,
C竹科-全新整理台電套房-獨立洗曬,東區-金山二十六街,https://rent.591.com.tw/18740686,6,11000,4.1,0.125,0.3333,0.2869,,
沃盛匯達⭐️玄奘路學生套房,香山區-玄奘路,https://rent.591.com.tw/18741493,8,7000,8.8,0.25,0.1429,0.6721,,
牛埔台玻園區~元培中華學區~學生專案另有優惠,香山區-香村路281號,https://rent.591.com.tw/18742880,5,6500,9,0.0625,0.1190,0.6885,,
關東國小大套房CP值非常高！,東區-關東路,https://rent.591.com.tw/18742952,8,8000,4,0.25,0.1905,0.2787,,
金山街電梯套房*獨立洗衣/大坪數,東區-金山十五街,https://rent.591.com.tw/18743521,8,12500,3.7,0.25,0.4048,0.2541,,
金山街附近套房*獨立洗衣機*近園區,東區-光復路一段89巷,https://rent.591.com.tw/18743808,5.5,7000,4.1,0.09375,0.1429,0.2869,,
市中心舒適寬敞套房,東區-南大路600巷,https://rent.591.com.tw/18745110,7,7500,3.9,0.1875,0.1667,0.2705,,
金山街全新裝潢陽台洗衣機,東區-金山十七街,https://rent.591.com.tw/18746331,7,11000,3.7,0.1875,0.3333,0.2541,,
金山街全新裝潢陽台洗衣機,東區-金山十七街,https://rent.591.com.tw/18746331,7,11000,4.4,0.1875,0.3333,0.3115,,
"近寶雅,好博家交通便利.",北區-經國路二段,https://rent.591.com.tw/18746651,7,7000,5.2,0.1875,0.1429,0.3770,,
可租補近三民國中台大醫院警衛管理電梯大套房,東區-自由路,https://rent.591.com.tw/18746933,7,16000,5.4,0.1875,0.5714,0.3934,,
可租補近竹科可養貓管理垃圾代丟電梯套房,東區-光復路一段,https://rent.591.com.tw/18746983,5,9500,3.1,0.0625,0.2619,0.2049,,
近台積/高品質附車位美套/附陽台獨洗,東區-園區三路2巷,https://rent.591.com.tw/18749245,10,15000,2.7,0.375,0.5238,0.1721,,
🔥春福聯合國🔥園區室內14坪大套房,東區-光復路一段,https://rent.591.com.tw/18749360,17.2,18000,3.1,0.825,0.6667,0.2049,,
近清大交大的大套房,東區-寶山路452巷3弄,https://rent.591.com.tw/18749507,10,11000,0.6,0.375,0.3333,0.0000,,
好口碑!近中華、科園，環境優、高cp值!,香山區-柯湳一街,https://rent.591.com.tw/18749888,6,5000,8.6,0.125,0.0476,0.6557,,
【獨立洗衣機】金山街中段近聯發科獨立洗衣機&電梯大樓套房出租,東區-金山十六街,https://rent.591.com.tw/18750867,6,8000,3.6,0.125,0.1905,0.2459,,
電梯大樓近巨城、火車站,北區-長安街,https://rent.591.com.tw/18751226,6,7000,4.5,0.125,0.1429,0.3197,,
竹科正核心獨立大套房，全室傢具電齊全(整修中，先加賴看照片),東區-金山二十五街,https://rent.591.com.tw/18751642,10,15000,4.1,0.375,0.5238,0.2869,,
三民國小大套房★物業管理★獨立陽台★巨城,東區-自由路,https://rent.591.com.tw/18751803,11.5,15000,5.4,0.46875,0.5238,0.3934,,
⭐️有巢竹北六家嘉興加盟店新竹東區高翠全新完工大套房,東區-高翠路210巷1弄,https://rent.591.com.tw/18753077,8,8400,1.6,0.25,0.2095,0.0820,,
§套房出租§緊臨交大、清大、科學園區,東區-光復路一段683巷1弄,https://rent.591.com.tw/18753869,6,7500,1.8,0.125,0.1667,0.0984,,
🌟有巢六家嘉興加盟店～高翠全開完工大套房,東區-高翠路210巷1弄,https://rent.591.com.tw/18755360,10,15000,1.6,0.375,0.5238,0.0820,,
costco旁~富春居精品套房,東區-埔頂一路,https://rent.591.com.tw/18756752,9,15500,3.5,0.3125,0.5476,0.2377,,
近新竹市政府/北大教堂/大套房,北區-北大路178號,https://rent.591.com.tw/18757039,15,12000,4.9,0.6875,0.3810,0.3525,,
大潤發旁套房．含網四水．室內機車位,東區-東光路,https://rent.591.com.tw/18757175,7,7500,4.6,0.1875,0.1667,0.3279,,
短期議.冷暖空調.自租.電梯,東區-金山六街8巷,https://rent.591.com.tw/18757359,5,9000,3.3,0.0625,0.2381,0.2213,,
🌊明湖路南大路口/獨立洗衣機/獨立陽台,東區-明湖路,https://rent.591.com.tw/18757816,6,8000,4.3,0.125,0.1905,0.3033,,
🌸長春街園區旁便宜套房,東區-長春街26巷,https://rent.591.com.tw/18758343,5,8000,2.9,0.0625,0.1905,0.1885,,
長春街園區旁便宜套房,東區-長春街26巷,https://rent.591.com.tw/18758343,5,8000,2.9,0.0625,0.1905,0.1885,,
高翠路套房出租-採光佳近竹科與清大交大,東區-高翠路277巷2弄,https://rent.591.com.tw/18758416,8,9600,1.9,0.25,0.2667,0.1066,,
初光極品/有電梯/陽台/有管理,北區-境福街,https://rent.591.com.tw/18758464,5.7,12000,6.5,0.10625,0.3810,0.4836,,
安靜--優--獨立套房,東區-高翠路210巷1弄,https://rent.591.com.tw/18759366,15,11000,1.6,0.6875,0.3333,0.0820,,
§近園區全質木地板寬敞優質套房傢電全§,東區-明湖路,https://rent.591.com.tw/18760128,10,13500,4.3,0.375,0.4524,0.3033,,
金山街大坪數電梯套房(房東自租),東區-金山東街,https://rent.591.com.tw/18760464,8,10000,4.4,0.25,0.2857,0.3115,,
『獨立洗衣機、陽台』裝潢套房,東區-長春街5巷4號,https://rent.591.com.tw/18760472,6,9500,2.8,0.125,0.2619,0.1803,,
大學清境獨立優質大套房.月租1.3萬,東區-大學路226號,https://rent.591.com.tw/18760579,10,13000,2.3,0.375,0.4286,0.1393,,
竹科園區光復優質大套房~室內空間大,東區-安和街4巷,https://rent.591.com.tw/18760685,10,10000,3.4,0.375,0.2857,0.2295,,
煙波主人精緻套房出租,東區-柴橋里,https://rent.591.com.tw/18761126,12,12000,6.3,0.5,0.3810,0.4672,,
鬧中取靜x方便近清交大，園區，市中心,東區-寶山路145巷33號,https://rent.591.com.tw/18761621,8,10000,2.5,0.25,0.2857,0.1557,,
鬧中取靜x方便近清交大，園區，市中心,東區-寶山路145巷33號,https://rent.591.com.tw/18761621,5,7500,2.5,0.0625,0.1667,0.1557,,
D老爺推薦x全新幾何大套房x垃圾分類室,東區-金山二十八街15號,https://rent.591.com.tw/18761673,9,10000,4.3,0.3125,0.2857,0.3033,,
金山前段優質套房,東區-金山十一街,https://rent.591.com.tw/18762024,6,6500,3.4,0.125,0.1190,0.2295,,
📍近香山元培單人套房✔️可養乖寵,香山區-芝柏一街,https://rent.591.com.tw/18762981,7,5500,7,0.1875,0.0714,0.5246,,
優質學生套房出租近元培、玄奘,香山區-元培街323巷8號,https://rent.591.com.tw/18763946,4,4500,8.8,0,0.0238,0.6721,,
可租補清大南大校區竹科15分機車位台水電,東區-南大路550巷19弄,https://rent.591.com.tw/18764896,4.5,8200,4,0.03125,0.2000,0.2787,,
光華．小資金店面,北區-光華二街333號,https://rent.591.com.tw/18765134,8,25000,6.9,0.25,1.0000,0.5164,,
近竹科高鐵新!陽台個人洗衣機固定汽車位,東區-公道五,https://rent.591.com.tw/18766945,7.5,10000,4.7,0.21875,0.2857,0.3361,,
屋主自租：近園區近清交大學後門10-13坪有電梯裝潢豪套,東區-明湖路118巷,https://rent.591.com.tw/18767014,10,13000,3.3,0.375,0.4286,0.2213,,
短期議.對內悶熱.金山六街,東區-金山六街8巷,https://rent.591.com.tw/18768671,5.5,8000,3.3,0.09375,0.1905,0.2213,,
園區旁．全新大套房（要租要快！）,東區-光復路一段385巷20號,https://rent.591.com.tw/18769046,7,12000,3.2,0.1875,0.3810,0.2131,,
可租補.近園區.台電計費.獨立陽台,東區-光復路一段,https://rent.591.com.tw/18769270,9,16000,3.1,0.3125,0.5714,0.2049,,
窗台獨立洗衣機電梯小資首選精美套房,香山區-明德路41巷,https://rent.591.com.tw/18769456,7,6500,8.3,0.1875,0.1190,0.6311,,
【小資族首選】民享街近園區&清交大採光佳電梯大樓獨立套房出租,東區-民享街,https://rent.591.com.tw/18770701,6,7500,2.9,0.125,0.1667,0.1885,,
獨立套房-東區明湖路-近竹科園區-1F套,東區-明湖路1050巷,https://rent.591.com.tw/18770710,8.9,7500,4.3,0.30625,0.1667,0.3033,,
【小資族首選】金山街前段近園區電梯大樓採光佳安靜獨立套房出租,東區-金山十一街2巷53弄,https://rent.591.com.tw/18770980,6,7500,3.8,0.125,0.1667,0.2623,,
香北路電梯獨立套房,香山區-香北路,https://rent.591.com.tw/18772540,6,5000,8,0.125,0.0476,0.6066,,
正關新路月影國際會館另外有平面車位可以租,東區-關新路29號,https://rent.591.com.tw/18772851,9.1,12500,3.8,0.31875,0.4048,0.2623,,
中山文華套房附家俱電(MOD),北區-中山路312巷6號,https://rent.591.com.tw/18772979,6,10000,4.5,0.125,0.2857,0.3197,,
舒適套房備有機車汽車停車場,香山區-五福路二段217號,https://rent.591.com.tw/18773410,7,5000,10,0.1875,0.0476,0.7705,,
近巨城電梯大套房．屋況新,東區-民權路200巷,https://rent.591.com.tw/18773451,18,19000,5.6,0.875,0.7143,0.4098,,
巨城旁電梯方正採光套房,東區-民權路200巷,https://rent.591.com.tw/18773457,9,12500,5.6,0.3125,0.4048,0.4098,,
*可養貓*近園區大情侶套房-可租補,東區-中華路三段,https://rent.591.com.tw/18774251,10,13000,4.4,0.375,0.4286,0.3115,,
雙園路近台積裝潢美套/附獨洗/免費停車,東區-園區三路2巷,https://rent.591.com.tw/18774262,7,9000,2.7,0.1875,0.2381,0.1721,,
新竹市北區四季悅舍出租(仲介勿擾),北區-經國路二段160號,https://rent.591.com.tw/18775194,13,18000,5.3,0.5625,0.6667,0.3852,,
兆基社會住宅🏡香山優美套房,香山區-中華路四段,https://rent.591.com.tw/18776135,5.5,8000,6.3,0.09375,0.1905,0.4672,,
精緻電梯小套房/獨立洗衣機,東區-建華街,https://rent.591.com.tw/18777455,5,7500,2.7,0.0625,0.1667,0.1721,,
近園區包水電採光套房/用電吃到飽/全新分離式冷氣,東區-愛民街,https://rent.591.com.tw/18777558,7,8500,2.6,0.1875,0.2143,0.1639,,
8000套房釋出，金山二街38號,東區-金山二街38號,https://rent.591.com.tw/18777969,6,8000,3.6,0.125,0.1905,0.2459,,
大坪數套房（可養貓）,東區-金山二十六街8號,https://rent.591.com.tw/18778425,8,11000,4.3,0.25,0.3333,0.3033,,
北大路靜巷公園旁.陽台，（目前房屋已出租，謝謝）,北區-新民街,https://rent.591.com.tw/18778660,18,21000,4.7,0.875,0.8095,0.3361,,
近園區傢俱家電齊全煙波主人優質獨立套房出租,東區-明湖路451號,https://rent.591.com.tw/18779127,10,14000,4.4,0.375,0.4762,0.3115,,
全新裝潢精美套房/獨立洗衣機/中華大學旁,香山區-五福路二段,https://rent.591.com.tw/18779312,7.3,9500,9.6,0.20625,0.2619,0.7377,,
三民國中(小)旁樓中樓小套房，近巨城,東區-自由路95巷18弄,https://rent.591.com.tw/18779573,10,16000,5.9,0.375,0.5714,0.4344,,
🍎市區獨立陽台&洗衣機優質套房🍎,北區-境福街,https://rent.591.com.tw/18779751,10,12000,6.2,0.375,0.3810,0.4590,,
【小資首選】金山街前段近園區適合小資族採光佳安靜獨立套房出租,東區-金山街,https://rent.591.com.tw/18781149,6.5,6000,3.7,0.15625,0.0952,0.2541,,
東洁房屋-台積電園區三路美陽台套,東區-園區三路,https://rent.591.com.tw/18781336,8,13000,2.3,0.25,0.4286,0.1393,,
竹科金山街套房出租(瓦斯鍋爐洗澡不用電),東區-金山二十三街,https://rent.591.com.tw/18782003,6,10000,4.1,0.125,0.2857,0.2869,,
L竹科-金山街-系統精裝獨立美套房,東區-金山北二街,https://rent.591.com.tw/18783793,5,12000,3.7,0.0625,0.3810,0.2541,,
C金山街｜嶄新精品套房｜流理臺洗脫烘,東區-金山北二街,https://rent.591.com.tw/18783813,6,12000,3.7,0.125,0.3810,0.2541,,
C金山街｜嶄新精品套房｜流理臺洗脫烘,東區-金山北二街,https://rent.591.com.tw/18783813,5,12000,3.7,0.0625,0.3810,0.2541,,
B竹科/金山街/系統精裝獨立美套房,東區-金山北二街,https://rent.591.com.tw/18783887,6,13000,3.7,0.125,0.4286,0.2541,,
J竹科金山商圈高CP精緻裝潢洗衣機房,東區-金山北二街,https://rent.591.com.tw/18783946,6,12000,3.7,0.125,0.3810,0.2541,,
大庄商圈平面停車生活機能便利,香山區-中華路五段160巷85號,https://rent.591.com.tw/18785045,7,6000,9,0.1875,0.0952,0.6885,,
超大套房採光讚，照片就是現場,東區-金山二十三街26號,https://rent.591.com.tw/18785936,10,7600,4.2,0.375,0.1714,0.2951,,
清大/交大/精緻套房出租~新,東區-東明街,https://rent.591.com.tw/18785955,4,8200,4.5,0,0.2000,0.3197,,
食品路/樓中樓套房絕佳生活機能~新~,東區-西大路97巷19弄,https://rent.591.com.tw/18785960,10,11000,3,0.375,0.3333,0.1967,,
清大/交大/園區電梯樓中樓套房出租,東區-光復路一段459巷,https://rent.591.com.tw/18785980,10,11000,3.1,0.375,0.3333,0.2049,,
電梯套房。價廉省電、大洗衣陽台,東區-南大路848號,https://rent.591.com.tw/18786510,8,14800,3.6,0.25,0.5143,0.2459,,
(近科學園區)雅緻套房出租免費洗烘衣,東區-金山九街62號,https://rent.591.com.tw/18787119,6,7000,3.4,0.125,0.1429,0.2295,,
e金山街飯店式裝潢//秒殺物件,東區-金山北二街,https://rent.591.com.tw/18787181,6,13000,3.7,0.125,0.4286,0.2541,,
M-市區商圈鄰近火車站,東區-南外街,https://rent.591.com.tw/18787615,6,8500,3.8,0.125,0.2143,0.2623,,
市中心《樓中樓獨立套房台水台電帳單》,北區-愛文街,https://rent.591.com.tw/18787616,9,15000,4.9,0.3125,0.5238,0.3525,,
【光復路靜巷大套房｜有電梯｜家具齊全｜即可入住】,東區-光復路一段,https://rent.591.com.tw/18788307,12,10000,3.1,0.5,0.2857,0.2049,,
近清大工研院方正套房．獨立網路,東區-東明街,https://rent.591.com.tw/18788436,8,7500,4.5,0.25,0.1667,0.3197,,
台電平均價室內機車格可公司承租,東區-金山二十三街15號,https://rent.591.com.tw/18788913,9,10000,4.2,0.3125,0.2857,0.2951,,
"新竹全新千萬電梯豪宅少數套房出租,文化",北區-中正路198巷,https://rent.591.com.tw/18789346,15,14600,5.1,0.6875,0.5048,0.3689,,
近園區寶山台積電網路套房,東區-高峰路,https://rent.591.com.tw/18789864,4,5000,2.8,0,0.0476,0.1803,,
近園區全新美美套房獨立陽台/警衛管理/垃圾集中/可貓,東區-食品路51巷,https://rent.591.com.tw/18790824,7,14500,3.7,0.1875,0.5000,0.2541,,
明湖路套房出租近園區火車站茄苳交流道,東區-明湖路963號,https://rent.591.com.tw/18790890,7,7000,4.7,0.1875,0.1429,0.3361,,
可養貓可租屋補助近巨城台水電獨立陽台電梯套房,東區-自由路,https://rent.591.com.tw/18791972,8,15000,5.4,0.25,0.5238,0.3934,,
近南清華大學電梯管理套房,東區-中華路三段,https://rent.591.com.tw/18792303,6,8000,4.4,0.125,0.1905,0.3115,,
超大18坪，獨立客廳，獨立廚房，可寵物,香山區-五福路二段,https://rent.591.com.tw/18792763,18,12500,9.6,0.875,0.4048,0.7377,,
10坪大套附廚房，可寵物,香山區-五福路二段,https://rent.591.com.tw/18792780,10,7500,9.6,0.375,0.1667,0.7377,,
業主直租園區清交大精品套房,東區-大學路51巷,https://rent.591.com.tw/18794930,9,14800,1.7,0.3125,0.5143,0.0902,,
園區旁好事多全聯全新1房1廳,東區-科學園路165巷3弄,https://rent.591.com.tw/18795461,7.8,20000,2.9,0.2375,0.7619,0.1885,,
(收訂)屋主自租✨市心城隍廟✨北大路電梯採光套房(有垃圾處理,北區-北大路,https://rent.591.com.tw/18796445,6,7500,4.9,0.125,0.1667,0.3525,,
園區旁新科運動中心樓中樓陽台管理套房有管,東區-光復路一段41巷,https://rent.591.com.tw/18796673,15,16000,4,0.6875,0.5714,0.2787,,
§近園區簡約風格素雅獨立套房附車位§,東區-明湖路,https://rent.591.com.tw/18797581,10,16000,4.3,0.375,0.5714,0.3033,,
§近園區高樓層明亮寬敞獨立套房§,東區-明湖路,https://rent.591.com.tw/18797674,10,14000,4.3,0.375,0.4762,0.3033,,
近金山竹科/有獨立陽台獨立洗衣機,東區-光復路一段89巷,https://rent.591.com.tw/18800084,10,13000,4.1,0.375,0.4286,0.2869,,
超大坪數變頻冷暖●乾溼分離●流理臺洗衣機,東區-光復路一段410號,https://rent.591.com.tw/18800944,12,15000,2.8,0.5,0.5238,0.1803,,
電梯陽台套房/近清交,東區-光復路一段544巷9弄9號,https://rent.591.com.tw/18800953,5,8000,2.5,0.0625,0.1905,0.1557,,
可租補/電梯套房/房間浴室都有對外窗,東區-光復路一段544巷9弄9號,https://rent.591.com.tw/18800956,10,12000,2.5,0.375,0.3810,0.1557,,
全新變頻冷暖/長春街/房間浴室對外窗,東區-長春街62巷1號,https://rent.591.com.tw/18800960,5,8000,3,0.0625,0.1905,0.1967,,
寵物可/電費1.68變頻冷暖/陽台樓中樓/流理臺,東區-光復路一段41巷9號,https://rent.591.com.tw/18800969,10,18000,4,0.375,0.6667,0.2787,,
園區旁大套房/大金冷氣/陽台洗衣機,東區-寶山路452巷12弄,https://rent.591.com.tw/18800972,8,12000,0.85,0.25,0.3810,0.0205,,
寵物可大套房/台電計價/靜巷,東區-光復路一段459巷28弄,https://rent.591.com.tw/18800982,8,10000,3,0.25,0.2857,0.1967,,
走路到清大南門/隨時可入住，園區上班清交學生首選,東區-寶山路452巷,https://rent.591.com.tw/18800986,5,7200,0.7,0.0625,0.1524,0.0082,,
電梯套房/對內窗，垃圾集中，煙波飯店旁,東區-明湖路,https://rent.591.com.tw/18800998,5,6000,4.3,0.0625,0.0952,0.3033,,
變頻冷暖/雙門小冰箱/附機車位,北區-和福街119號,https://rent.591.com.tw/18801000,5,9500,4.1,0.0625,0.2619,0.2869,,
遠百1房1廳/有隔間，公司可報稅,北區-南門街111巷16弄,https://rent.591.com.tw/18801003,10,12000,4.3,0.375,0.3810,0.3033,,
✅近大遠百、清大✅全新變頻冷暖氣機,北區-西門街,https://rent.591.com.tw/18801011,5,8000,4.4,0.0625,0.1905,0.3115,,
玄奘.元培芝柏二街台電帳單1.7起套房,香山區-芝柏二街,https://rent.591.com.tw/18801445,4,4500,7.3,0,0.0238,0.5492,,
L好市多商圈-系統精裝-絕美套房,東區-埔頂一路161巷,https://rent.591.com.tw/18801757,6,16000,3.5,0.125,0.5714,0.2377,,
金山前段，熱中取靜套房,東區-金山街,https://rent.591.com.tw/18802289,6,7600,3.7,0.125,0.1714,0.2541,,
全新⭐️近竹科⭐️工研院⭐️陽台獨洗⭐️,東區-光復路一段,https://rent.591.com.tw/18802389,12,13000,3.1,0.5,0.4286,0.2049,,
優質單身套房近新竹科學園區,東區-新莊街129巷17號,https://rent.591.com.tw/18802946,7,6500,3.2,0.1875,0.1190,0.2131,,
金山街竹科園區清大交大獨洗獨曬台電計費電梯套房,東區-金山街152號,https://rent.591.com.tw/18803552,8,8500,4.2,0.25,0.2143,0.2951,,
巨城商圈獨立套房,東區-中央路,https://rent.591.com.tw/18803778,6,8500,5.1,0.125,0.2143,0.3689,,
【獨立洗衣機】金山街中段獨立洗衣機&瓦斯熱水器採光佳套房出租,東區-金山北二街,https://rent.591.com.tw/18803850,6,8000,3.7,0.125,0.1905,0.2541,,
【獨立洗衣機】金山街中段獨立洗衣機&適合小資族採光佳套房出租,東區-金山十街,https://rent.591.com.tw/18803951,6,7600,3.4,0.125,0.1714,0.2295,,
【小資首選】金山街前段近園區瓦斯熱水器適合小資族獨立套房出租,東區-金山十街,https://rent.591.com.tw/18804014,6,6800,3.4,0.125,0.1333,0.2295,,
*首租*可養貓園區套房-獨洗,東區-光復路一段,https://rent.591.com.tw/18804703,6,9500,3.1,0.125,0.2619,0.2049,,
近巨城台大醫院正市區獨洗陽台套房,北區-經國路二段,https://rent.591.com.tw/18804816,6,12800,5.2,0.125,0.4190,0.3770,,
市區城隍廟~電梯套房~可毛小孩,北區-長安街,https://rent.591.com.tw/18806811,7,9000,4.5,0.1875,0.2381,0.3197,,
獨立陽台套房~地點超優~走路逛COSTCO,東區-埔頂二路166號,https://rent.591.com.tw/18807184,4.5,12500,3.4,0.03125,0.4048,0.2295,,
✨✨大庄溫馨套房✨✨,香山區-大庄路237巷,https://rent.591.com.tw/18807587,6.5,6000,8.6,0.15625,0.0952,0.6557,,
竹科關新台積通風小美套房外窗停車垃圾處理,東區-長春街118巷,https://rent.591.com.tw/18808020,5,7000,3.3,0.0625,0.1429,0.2213,,
📌好物推薦📌有陽台獨洗流理台2分巨城8分大遠百新竹火車站,東區-民生路,https://rent.591.com.tw/18808041,12,11000,5.6,0.5,0.3333,0.4098,,
🏠月影套房🔑拎包入住🛁,東區-關新路29號,https://rent.591.com.tw/18808341,6,14000,3.8,0.125,0.4762,0.2623,,
中華大學竹科台電計費獨立洗衣機電梯套房,香山區-明德路41巷,https://rent.591.com.tw/18808486,7,6500,8.3,0.1875,0.1190,0.6311,,
林森路近大遠百竹科園區清大交大,東區-林森路67巷6號,https://rent.591.com.tw/18808519,5,6000,3.9,0.0625,0.0952,0.2705,,
D老爺推薦x全新精緻套房x附機車位,東區-光復路一段15號,https://rent.591.com.tw/18810740,7,9500,4.1,0.1875,0.2619,0.2869,,
近竹科.1F.代收垃圾.設計感一房一廳,東區-高峰路325巷7弄,https://rent.591.com.tw/18811843,10,15888,2.7,0.375,0.5661,0.1721,,
煙波主人《2F電梯獨立套房附平車》,東區-明湖街,https://rent.591.com.tw/18812905,9.4,13000,4.3,0.3375,0.4286,0.3033,,
近竹科，機能好，交通方便，採光佳，乾淨,東區-新莊街,https://rent.591.com.tw/18813168,8,7000,3.3,0.25,0.1429,0.2213,,
🍍ins美套房．嶄新整理．獨立洗衣機,東區-明湖路800巷4弄,https://rent.591.com.tw/18814066,7,8000,4.5,0.1875,0.1905,0.3197,,
近新竹市區和園區套房,東區-寶山路,https://rent.591.com.tw/18816179,5,6800,1.5,0.0625,0.1333,0.0738,,
金山商圈電梯高CP值租屋首選,東區-金山二十五街,https://rent.591.com.tw/18816400,6,10500,4.1,0.125,0.3095,0.2869,,
🔥🔥愛凡斯套房🔥🔥,東區-龍山西路,https://rent.591.com.tw/18817739,7,16500,3.3,0.1875,0.5952,0.2213,,
關新路旁優質套房~全新設備,東區-關東路55巷,https://rent.591.com.tw/18818250,8,10000,3.9,0.25,0.2857,0.2705,,
關新路大套房採光超好,東區-新莊街,https://rent.591.com.tw/18818311,7,9500,3.3,0.1875,0.2619,0.2213,,
近園區精緻獨立陽台洗衣機套房,東區-關東路,https://rent.591.com.tw/18818429,9,11500,4,0.3125,0.3571,0.2787,,
金山街小資族獨立套房,東區-金山二十八街,https://rent.591.com.tw/18818437,6,7000,4.3,0.125,0.1429,0.3033,,
🏠園區金山街獨立洗衣機套房🏠,東區-金山北二街,https://rent.591.com.tw/18818444,6,8500,3.7,0.125,0.2143,0.2541,,
💥💥💥金山街大空間獨立套房💥💥💥,東區-金山十街,https://rent.591.com.tw/18818446,7,8500,3.4,0.1875,0.2143,0.2295,,
🏠科學園區獨立洗衣機套房出租🏠,東區-高翠路277巷4弄,https://rent.591.com.tw/18818451,7,10000,1.9,0.1875,0.2857,0.1066,,
富春居樓中樓精美套房,東區-埔頂一路,https://rent.591.com.tw/18818468,15,21500,3.5,0.6875,0.8333,0.2377,,
🏠科學園區埔科學獨立洗衣機套房出租🏠,東區-埔頂路100巷57弄,https://rent.591.com.tw/18818486,7,9800,3.7,0.1875,0.2762,0.2541,,
竹科園區富春居時尚溫馨套房,東區-埔頂一路,https://rent.591.com.tw/18818981,7,14000,3.5,0.1875,0.4762,0.2377,,
近新竹大遠百林森路、近清華、車站、園區,東區-林森路,https://rent.591.com.tw/18819090,6,5500,4.3,0.125,0.0714,0.3033,,
近竹科/清大明湖路生活機能便利套房,香山區-明湖路383巷,https://rent.591.com.tw/18819188,5.3,5500,3.9,0.08125,0.0714,0.2705,,
D老爺推薦x全新大套房x室內機車位,東區-光復路一段595號,https://rent.591.com.tw/18820052,10,12000,2.5,0.375,0.3810,0.1557,,
D老爺推薦x精緻套房X獨立陽台,東區-光復路一段16號,https://rent.591.com.tw/18820053,8,10500,4.1,0.25,0.3095,0.2869,,
東門圓環旁套房出租限女姓.禁煙.禁寵,東區-大同路72號,https://rent.591.com.tw/18820317,5,5500,4.4,0.0625,0.0714,0.3115,,
⭐️波西米亞風美套房⭐️近南大校區,北區-南大路600巷,https://rent.591.com.tw/18820754,6,9500,4.5,0.125,0.2619,0.3197,,
【獨立洗衣機】金山街前段獨立陽台洗衣機&瓦斯熱水器套房出租,東區-金山十街,https://rent.591.com.tw/18823605,6,8500,3.4,0.125,0.2143,0.2295,,
✨金山中段套房，可短租、大坪數採光套房、衛浴有開窗,東區-金山十七街,https://rent.591.com.tw/18823688,8,8000,3.7,0.25,0.1905,0.2541,,
【小資首選】金山街後段近園區適合小資族採光佳安靜獨立套房出租,東區-金山二十八街,https://rent.591.com.tw/18824013,6,7000,4.3,0.125,0.1429,0.3033,,
【視野極佳】金山街後段近園區適合小資族採光佳安靜獨立套房出租,東區-金山二十八街,https://rent.591.com.tw/18824069,6,7000,4.3,0.125,0.1429,0.3033,,
【重新粉刷】金山街前段近園區瓦斯熱水器適合小資族獨立套房出租,東區-金山十街,https://rent.591.com.tw/18824900,6,8500,3.4,0.125,0.2143,0.2295,,
【小資族首選】金山街中段近園區瓦斯熱水器&採光佳獨立套房出租,東區-金山街,https://rent.591.com.tw/18824951,5,6000,3.7,0.0625,0.0952,0.2541,,
市中心精緻套房/獨洗獨曬/可租/近火車站/包裹代收/垃圾代收,東區-林森路,https://rent.591.com.tw/18825032,6.6,8500,4.3,0.1625,0.2143,0.3033,,
市中心精緻套房/獨洗獨曬/可租/近火車站,東區-林森路,https://rent.591.com.tw/18825032,6.6,8500,4.3,0.1625,0.2143,0.3033,,
近園區清大交大/光復路上/個人陽台洗衣機,東區-光復路一段,https://rent.591.com.tw/18826357,8,9800,3.1,0.25,0.2762,0.2049,,
在考慮就沒有摟！！沒對外窗！！,東區-大學路81巷3弄,https://rent.591.com.tw/18826378,8,5500,2.1,0.25,0.0714,0.1230,,
好市多商圈/獨立陽台/獨立洗衣機/雙門冰箱/分離式變頻冷暖,東區-埔頂一路161巷,https://rent.591.com.tw/18827539,6,15000,3.7,0.125,0.5238,0.2541,,
電梯套房/近竹科金山街後段大門,東區-金山二十八街,https://rent.591.com.tw/18827683,8,8000,4.3,0.25,0.1905,0.3033,,
近好市多.新莊.園區.台電收費.陽台套房,東區-埔頂一路161巷69號,https://rent.591.com.tw/18828639,6,13300,3.6,0.125,0.4429,0.2459,,
關埔.近園區.好市多.新莊車站.可租補套房,東區-埔頂一路161巷69號,https://rent.591.com.tw/18828696,6,15000,3.6,0.125,0.5238,0.2459,,
✅近竹科✅🐱可養寵物🐶✅一樓大坪數套房金山街溫馨套房,東區-金山二十六街,https://rent.591.com.tw/18829135,9,9500,4.1,0.3125,0.2619,0.2869,,
近南清大．大坪數．共用衛浴．變頻冷氣,東區-食品路,https://rent.591.com.tw/18829497,15,8000,3.1,0.6875,0.1905,0.2049,,
裝潢套房近園區可開伙獨立陽台洗衣機雙層大冰箱網路,東區-長春街156巷,https://rent.591.com.tw/18829512,10,18500,3.4,0.375,0.6905,0.2295,,
近天公壇．含網水．台電計費．限女性,北區-民富街,https://rent.591.com.tw/18829522,7,8000,4.8,0.1875,0.1905,0.3443,,
近園區．附平車．含網四水．垃圾集中處理,東區-千甲路360巷,https://rent.591.com.tw/18829578,6,8500,4.8,0.125,0.2143,0.3443,,
近園區．附平面車位．含網四水．即刻入住,東區-千甲路360巷,https://rent.591.com.tw/18829611,7,8500,4.8,0.1875,0.2143,0.3443,,
清大對面電梯套房．使用空間大,東區-建新路,https://rent.591.com.tw/18829988,8,8000,3.5,0.25,0.1905,0.2377,,
園區清交大電梯套房/獨立洗衣機,東區-建華街,https://rent.591.com.tw/18829995,5,8800,2.7,0.0625,0.2286,0.1721,,
園區清交大電梯套房/獨立洗衣機/即可入住,東區-建華街,https://rent.591.com.tw/18829995,5,8900,2.7,0.0625,0.2333,0.1721,,
清大/交大/園區/電梯套房出租~走道窗,東區-光復路一段459巷,https://rent.591.com.tw/18830125,5,6500,3.1,0.0625,0.1190,0.2049,,
台電計價金山街稀有乾濕分離獨立陽台洗衣機,東區-金山十一街,https://rent.591.com.tw/18831757,9,14000,3.4,0.3125,0.4762,0.2295,,
高翠路實PO僅1間陽台洗衣機木地板系統櫃,東區-高翠路328巷8弄,https://rent.591.com.tw/18831836,8,12000,1.9,0.25,0.3810,0.1066,,
金山街台電計價全新陽台洗衣機流理臺清交大台積電,東區-金山北三街,https://rent.591.com.tw/18831865,11,10500,3.7,0.4375,0.3095,0.2541,,
台電計價可貓金山街大學路獨洗乾濕分離,東區-大學路51巷,https://rent.591.com.tw/18831874,10,16000,1.5,0.375,0.5714,0.0738,,
金山街稀有流理台陽台洗衣機乾濕分離裝潢新,東區-金山二十三街,https://rent.591.com.tw/18831881,8.5,13000,4.1,0.28125,0.4286,0.2869,,
電梯陽台套房．獨洗．含網．收垃圾,東區-明湖路,https://rent.591.com.tw/18831887,7,8000,4.3,0.1875,0.1905,0.3033,,
金山街台電均價實PO裝潢新獨立陽台洗衣機,東區-金山二十一街,https://rent.591.com.tw/18831891,7.5,8500,4.2,0.21875,0.2143,0.2951,,
台電計價金山街可貓木質地板大坪數室內停車,東區-金山二十八街,https://rent.591.com.tw/18831914,10,9500,4.3,0.375,0.2619,0.3033,,
台電計價金山街獨洗分離式冷氣大坪數採光佳,東區-金山東三街,https://rent.591.com.tw/18831919,10,10000,4.5,0.375,0.2857,0.3197,,
金山街稀有超大2房1廳台電計價,東區-金山北一街,https://rent.591.com.tw/18831928,20,20000,3.7,1,0.7619,0.2541,,
金山街實PO採光佳精美分離式冷氣電梯套房,東區-金山二十三街,https://rent.591.com.tw/18831936,7,7500,4.1,0.1875,0.1667,0.2869,,
「台電計價」全新金山街採光佳獨立陽台洗衣機,東區-金山十七街,https://rent.591.com.tw/18831956,10,11000,3.7,0.375,0.3333,0.2541,,
台電計金山街實PO免投幣可貓CP值高套房,東區-金山一街,https://rent.591.com.tw/18831966,8.5,8000,3.7,0.28125,0.1905,0.2541,,
大套房台電計價室內機車金山街,東區-金山十九街,https://rent.591.com.tw/18831998,11,9200,4.3,0.4375,0.2476,0.3033,,
電梯獨洗．有陽台．垃圾集中,東區-振興路,https://rent.591.com.tw/18832020,7,8000,4.1,0.1875,0.1905,0.2869,,
台電計價金山街金山會館陽台洗衣機乾濕分離,東區-金山十三街,https://rent.591.com.tw/18832027,10,13000,3.5,0.375,0.4286,0.2377,,
電梯含網四獨洗．獨洗．收垃圾．有陽台,東區-振興路,https://rent.591.com.tw/18832031,7,6000,4.1,0.1875,0.0952,0.2869,,
金山街實PO採光佳精美熱水免費電梯套房,東區-金山一街,https://rent.591.com.tw/18832060,7,7000,3.7,0.1875,0.1429,0.2541,,
金山街實PO*獨立洗衣機*稀有沙發無電梯,東區-金山十五街,https://rent.591.com.tw/18832098,8,8000,3.7,0.25,0.1905,0.2541,,
金山街實PO*獨立洗衣機*稀有沙發,東區-金山十五街,https://rent.591.com.tw/18832098,8,8000,4.4,0.25,0.1905,0.3115,,
台電計價*金山街稀有瓦熱CP值高室內機車,東區-金山北一街,https://rent.591.com.tw/18832105,7,8000,4.5,0.1875,0.1905,0.3197,,
可貓台電計價金山街陽台洗衣機浴室對外窗,東區-金山二十三街,https://rent.591.com.tw/18832132,6,8300,4.1,0.125,0.2048,0.2869,,
實用雅緻美套房~近科學園區、清大、交大,東區-大學路81巷2弄,https://rent.591.com.tw/18832614,6,7000,1.8,0.125,0.1429,0.0984,,
市區3分鐘、離後火車站騎車2分鐘,東區-花園街37號,https://rent.591.com.tw/18832666,15,9000,4.4,0.6875,0.2381,0.3115,,
電梯獨立套房．台水台電,東區-四維路,https://rent.591.com.tw/18832739,11.5,10000,4,0.46875,0.2857,0.2787,,
近市區採光佳電子鎖含汽機停車位獨立電錶,北區-延平路一段214巷,https://rent.591.com.tw/18832902,9,7600,5.6,0.3125,0.1714,0.4098,,
近竹科！新莊街全新套房！,東區-新莊街119巷10號,https://rent.591.com.tw/18833275,6.5,18000,3.3,0.15625,0.6667,0.2213,,
近園區清交大*花間鳥語美境*獨立洗衣機,東區-寶山路,https://rent.591.com.tw/18833406,7,7000,1.5,0.1875,0.1429,0.0738,,
C~近巨城商圈機能佳獨立大套房,東區-自由路,https://rent.591.com.tw/18833435,13,15000,5.4,0.5625,0.5238,0.3934,,
🌈優質套房✨學生宿舍✨員工宿舍✨出差優,香山區-元培街211號,https://rent.591.com.tw/18833922,7,9000,8.2,0.1875,0.2381,0.6230,,
頂級設計精品宅🔥獨立洗曬採光套房✨代收包裹｜有專屬機車位✨,東區-埔頂一路161巷,https://rent.591.com.tw/18834019,7,14500,3.5,0.1875,0.5000,0.2377,,
頂級設計精品宅🔥獨立洗曬採光套房✨代收包裹｜有專屬機車位✨,東區-埔頂一路161巷,https://rent.591.com.tw/18834019,7,14500,3.7,0.1875,0.5000,0.2541,,
中華大學台水台電套房,香山區-至善街37巷,https://rent.591.com.tw/18834121,6,6500,8.6,0.125,0.1190,0.6557,,
【大空間套房】金山街前段近園區瓦斯熱水器採光佳獨立套房出租,東區-金山十街,https://rent.591.com.tw/18834383,7,8500,3.4,0.1875,0.2143,0.2295,,
百奕漂亮樓中樓大套房(租金含管理費.網路.第四台)-可養貓咪,東區-埔頂二路,https://rent.591.com.tw/18834520,15.8,25000,3,0.7375,1.0000,0.1967,,
近園區安靜電梯套房,東區-光復路一段,https://rent.591.com.tw/18837181,7,6500,3.1,0.1875,0.1190,0.2049,,
近園區電梯套房．垃圾集中,東區-光復路一段,https://rent.591.com.tw/18837315,7,8000,3.1,0.1875,0.1905,0.2049,,
光復路一段電梯套房,東區-光復路一段,https://rent.591.com.tw/18837332,6,7500,3.1,0.125,0.1667,0.2049,,
近園區電梯單人套房,東區-光復路一段,https://rent.591.com.tw/18837342,5,7000,3.1,0.0625,0.1429,0.2049,,
近園區．個人洗衣機．有機車位,東區-安康街8巷,https://rent.591.com.tw/18837580,6,8200,3.4,0.125,0.2000,0.2295,,
近園區．浴室有對外窗．好停機車,東區-安康街8巷,https://rent.591.com.tw/18837590,5,6800,3.4,0.0625,0.1333,0.2295,,
一房一廳一陽台．台水台電,東區-林森路,https://rent.591.com.tw/18837596,11,13000,4.3,0.4375,0.4286,0.3033,,
🌞金凡斯🌞近園區套房設備齊全,東區-光復路一段89巷,https://rent.591.com.tw/18837860,6,11000,4.1,0.125,0.3333,0.2869,,
兆基社會住宅🏡北區近市區可寵可談家具,北區-城北街,https://rent.591.com.tw/18838039,9.2,8500,5.2,0.325,0.2143,0.3770,,
兆基社會住宅🏡北區秒殺優質套房,北區-中正路,https://rent.591.com.tw/18838046,7.6,9900,5.5,0.225,0.2810,0.4016,,
📌稀有!近巨城大遠百10分園區，美套房,北區-經國路二段195巷,https://rent.591.com.tw/18838053,13,12000,5.1,0.5625,0.3810,0.3689,,
興竹街超美套房,東區-興竹街58號,https://rent.591.com.tw/18838095,10,15000,3.9,0.375,0.5238,0.2705,,
兆基社會住宅🏡南大路全新採光套房!免仲可租補,東區-南大路,https://rent.591.com.tw/18838097,7.8,10000,3.2,0.2375,0.2857,0.2131,,
★公園第一排夜景景觀優質套房出租★屋主直租,東區-關新東路,https://rent.591.com.tw/18838557,15,12500,3.6,0.6875,0.4048,0.2459,,
黃金地段✨乾濕分離✨戶數單純✨包裹收發✨飲水機✨子母車,東區-埔頂一路161巷,https://rent.591.com.tw/18838857,7,15000,3.7,0.1875,0.5238,0.2541,,
正市區有車位亞曼尼挑高樓中樓美屋,北區-愛文街117號,https://rent.591.com.tw/18839258,9,17500,4.9,0.3125,0.6429,0.3525,,
金山街/近竹科精美套房,東區-金山街,https://rent.591.com.tw/18840165,10,11000,4.4,0.375,0.3333,0.3115,,
大庄優質電梯套房,香山區-大庄路,https://rent.591.com.tw/18840408,7,8000,8.2,0.1875,0.1905,0.6230,,
🎈竹科首選｜精美挑高樓中樓｜含管,東區-埔頂一路,https://rent.591.com.tw/18840456,12,23000,3.5,0.5,0.9048,0.2377,,
近新竹市區清大學區、忠孝大潤發旁電梯套房,東區-忠孝路434巷,https://rent.591.com.tw/18841462,5,8500,4.3,0.0625,0.2143,0.3033,,
近巨城❤️超大坪數❤️有廚房陽台❤️租金含管理費,東區-民權路56巷,https://rent.591.com.tw/18841669,16,8800,5.1,0.75,0.2286,0.3689,,
B竹科精選//採光小資房,東區-光復路一段89巷,https://rent.591.com.tw/18842088,4,6500,4.1,0,0.1190,0.2869,,
C金山街-木質電梯套房-嶄新家具,東區-光復路一段89巷,https://rent.591.com.tw/18842093,5,6500,4.1,0.0625,0.1190,0.2869,,
金山街-木質電梯套房-嶄新家具,東區-光復路一段89巷,https://rent.591.com.tw/18842093,5,6500,4.1,0.0625,0.1190,0.2869,,
✨金山街獨立洗衣機套房✨⚠️可報稅⚠️可申請租屋補助,東區-金山北二街,https://rent.591.com.tw/18842189,7,10000,3.7,0.1875,0.2857,0.2541,,
南大幸福租屋,東區-南大路,https://rent.591.com.tw/18844584,6,5000,3.2,0.125,0.0476,0.2131,,
%金山北二街小資高cp獨洗獨曬,東區-金山北二街,https://rent.591.com.tw/18844964,5.5,9000,3.7,0.09375,0.2381,0.2541,,
%關新路大坪數社區管理台電大套房,東區-關新西街,https://rent.591.com.tw/18844969,10,23000,3.6,0.375,0.9048,0.2459,,
金山街A＋大型落地窗獨立陽台洗衣機套房,東區-金山北二街,https://rent.591.com.tw/18844982,8,12000,3.7,0.25,0.3810,0.2541,,
%金山街後段瓦熱省錢獨立套房,東區-金山二十七街,https://rent.591.com.tw/18844988,6,7000,4.4,0.125,0.1429,0.3115,,
金山前段生活機能超好冷氣套房,東區-金山街,https://rent.591.com.tw/18845016,6,6600,3.7,0.125,0.1238,0.2541,,
好市多富春居可開伙一房一廰-家俱電全,東區-埔頂一路101號,https://rent.591.com.tw/18845300,14,25000,3.3,0.625,1.0000,0.2213,,
"可養寵物千萬電梯豪宅少數套房出租,文化中",北區-中正路198巷,https://rent.591.com.tw/18845319,10,15600,5.1,0.375,0.5524,0.3689,,
"可養寵物千萬電梯豪宅少數套房出租,文化中",北區-中正路198巷,https://rent.591.com.tw/18845319,10,15600,5.2,0.375,0.5524,0.3770,,
中山路崧嶺路旁,北區-中山路702號,https://rent.591.com.tw/18845414,6,7500,5.1,0.125,0.1667,0.3689,,
傢具齊全✨精美樓中樓✨戶數單純✨台水電✨流理臺可開伙✨平車,東區-埔頂二路,https://rent.591.com.tw/18846350,12,25000,3,0.5,1.0000,0.1967,,
傢具齊全✨秒殺超美樓中樓✨戶數單純✨黃金地段✨挑高不壓迫,東區-埔頂一路,https://rent.591.com.tw/18846376,15,23000,3.5,0.6875,0.9048,0.2377,,
清大南大校區國泰醫院全聯旁採光通風套房可寵限兔狗,東區-振興路,https://rent.591.com.tw/18848659,7,8500,4.1,0.1875,0.2143,0.2869,,
近園區精緻大套房．一層一戶．有廚房,東區-光復路一段,https://rent.591.com.tw/18848689,20,23000,3.1,1,0.9048,0.2049,,
巨城三民商圈．全新整理漂亮小美宅,東區-自由路66巷1弄,https://rent.591.com.tw/18849217,7,9500,5.7,0.1875,0.2619,0.4180,,
電梯大樓，三面採光，清大竹科，一房一廳,東區-建功路,https://rent.591.com.tw/18849218,11,18500,3.2,0.4375,0.6905,0.2131,,
金山街寧靜套房,東區-金山東三街38號,https://rent.591.com.tw/18849632,5,5500,4.6,0.0625,0.0714,0.3279,,
金山街寧靜套房,東區-金山東三街38號,https://rent.591.com.tw/18849632,6,6000,4.2,0.125,0.0952,0.2951,,
關埔🔆新莊車站🔆超美又明亮套房🔆台電,東區-光復路一段,https://rent.591.com.tw/18849882,8,17000,3.1,0.25,0.6190,0.2049,,
新竹市近巨城優質獨立套房,東區-民權路56巷,https://rent.591.com.tw/18849915,8,15000,5.4,0.25,0.5238,0.3934,,
租近園區.可短租.屋況極新,東區-明湖路,https://rent.591.com.tw/18849976,14,16000,4.3,0.625,0.5714,0.3033,,
獨立大套房可租補生活機能佳飯店式管理24H警衛,北區-竹光路8號,https://rent.591.com.tw/18851127,10,10000,5.7,0.375,0.2857,0.4180,,
東區靜巷✨大坪數兩房限量出租,東區-明湖路482巷65弄,https://rent.591.com.tw/18851626,15,18000,4.7,0.6875,0.6667,0.3361,,
"可養寵物,可租補,近城隍廟,大遠百,江山街大套房",北區-江山街,https://rent.591.com.tw/18851796,15,18000,4.3,0.6875,0.6667,0.3033,,
"可養寵物,可租補,近城隍廟,大遠百,江山街大套房",北區-江山街,https://rent.591.com.tw/18851796,12,16000,4.3,0.5,0.5714,0.3033,,
近巨城獨立超超超大套房兩房空間(管理費內含),東區-自由路,https://rent.591.com.tw/18852079,12,17000,5.4,0.5,0.6190,0.3934,,
長春街大套房/1房1廳1衛1陽台,東區-長春街114巷,https://rent.591.com.tw/18852658,11,13000,3.2,0.4375,0.4286,0.2131,,
採光好大坪數優質套房備私人陽台近清大南校,北區-南大路321巷1弄26號,https://rent.591.com.tw/18852779,9,7000,4.5,0.3125,0.1429,0.3197,,
沃盛匯達🏠新竹市東區高樓景觀套房獨立衛浴,東區-關新東路,https://rent.591.com.tw/18853438,15,12500,3.8,0.6875,0.4048,0.2623,,
實PO竹科園區/小資套房獨洗曬/便利舒適,東區-金山二十三街,https://rent.591.com.tw/18853673,6.5,10500,4.1,0.15625,0.3095,0.2869,,
實PO高速獨立網路150M｜獨洗曬室內機車位｜流理台小資套房,東區-金山二十三街,https://rent.591.com.tw/18853807,7,10500,4.1,0.1875,0.3095,0.2869,,
金山街台電瓦斯熱水獨立RO飲水機空中花園,東區-金山十一街,https://rent.591.com.tw/18853833,10,17000,3.4,0.375,0.6190,0.2295,,
竹科園區/小資電梯獨洗曬/機能便利,東區-金山北一街,https://rent.591.com.tw/18853835,6,9000,3.7,0.125,0.2381,0.2541,,
裝潢套房．洗衣免費共用,香山區-大庄路,https://rent.591.com.tw/18853842,5,6500,8.2,0.0625,0.1190,0.6230,,
實po大坪數對外窗乾濕分離獨洗曬電梯套房,東區-金山十五街,https://rent.591.com.tw/18853852,8,14000,4.4,0.25,0.4762,0.3115,,
金山街獨立網路150M｜流理台獨洗曬室內機車位乾濕分離,東區-金山二十三街,https://rent.591.com.tw/18853861,7,12000,4.1,0.1875,0.3810,0.2869,,
1房2廳．獨洗．可開伙,東區-明湖路,https://rent.591.com.tw/18853926,13,15000,4.3,0.5625,0.5238,0.3033,,
實PO竹科園區/舒適採光便利/室內機車位,東區-金山東街,https://rent.591.com.tw/18853940,6.5,11000,4.4,0.15625,0.3333,0.3115,,
金山街後段獨立洗曬流理台｜衛浴乾溼分離對外窗室內機車位,東區-金山二十三街,https://rent.591.com.tw/18853958,7,13000,4.1,0.1875,0.4286,0.2869,,
實PO竹科園區/舒適採光/獨洗曬室內機車位,東區-金山二十五街,https://rent.591.com.tw/18854093,6,8900,4.1,0.125,0.2333,0.2869,,
竹科園區/舒適採光/獨洗曬室內機車位,東區-金山二十五街,https://rent.591.com.tw/18854093,6,12000,4.1,0.125,0.3810,0.2869,,
金山街木質地板浴室對外窗雙門冰箱室內機車位電梯套房,東區-金山二十五街,https://rent.591.com.tw/18854400,7,10500,4.1,0.1875,0.3095,0.2869,,
金山街木質地板浴室對外窗雙門冰箱室內機車位電梯套房,東區-金山二十五街,https://rent.591.com.tw/18854400,7,12000,4.1,0.1875,0.3810,0.2869,,
實PO竹科園區/小資大坪數套房/機能便利舒適,東區-金山十二街,https://rent.591.com.tw/18854435,8,9500,3.5,0.25,0.2619,0.2377,,
南清大獨洗套房/近園區/近市區/全聯福,東區-興學街,https://rent.591.com.tw/18854481,7,8800,3.6,0.1875,0.2286,0.2459,,
大庄商圈快樂頌優質美套房,香山區-中華路四段,https://rent.591.com.tw/18854572,4.2,7000,6.3,0.0125,0.1429,0.4672,,
竹光路有電梯獨立大套房家具全備齊,北區-竹光路,https://rent.591.com.tw/18854839,18,18800,5.5,0.875,0.7048,0.4016,,
近樹林頭陽光視野套房/可寵！,北區-境福街,https://rent.591.com.tw/18854920,6,12000,6.1,0.125,0.3810,0.4508,,
園區交大清大洗脫烘洗衣機套房,東區-長春街118巷,https://rent.591.com.tw/18855814,6,7500,3.3,0.125,0.1667,0.2213,,
金山街小資族電梯套房,東區-金山十一街36巷,https://rent.591.com.tw/18855980,6,8000,3.5,0.125,0.1905,0.2377,,
上班上學10分鐘/剛完工新套房/優惠價格,東區-光復路一段403巷8弄,https://rent.591.com.tw/18857261,10,12000,3.1,0.375,0.3810,0.2049,,
光復路近園區清交高級套房（仲介勿擾）,東區-光復路一段392巷,https://rent.591.com.tw/18857444,9,9000,3,0.3125,0.2381,0.1967,,
可養愛犬愛貓的套房｜近園區有陽台,東區-新莊街129巷70弄,https://rent.591.com.tw/18857663,7,8500,3.5,0.1875,0.2143,0.2377,,
初光極品|警衛管理|陽台套房|可寵,北區-境福街,https://rent.591.com.tw/18857683,6,12000,6.2,0.125,0.3810,0.4590,,
中華大學城|自有洗衣機|台水台電|美套房,香山區-至善街37巷,https://rent.591.com.tw/18857685,6,6500,8.6,0.125,0.1190,0.6557,,
中華大學獨立套房/台水台電/可寵,東區-至善街33巷,https://rent.591.com.tw/18857699,6,7000,8.6,0.125,0.1429,0.6557,,
【小資族首選】金山街前段近園區電梯大樓&安靜優質獨立套房出租,東區-金山十一街36巷,https://rent.591.com.tw/18857901,6,8000,3.5,0.125,0.1905,0.2377,,
✨［一房一廳一衛］優質獨立套房✨,東區-中華路一段105巷2弄,https://rent.591.com.tw/18858471,13,14000,7,0.5625,0.4762,0.5246,,
"竹科金山街自租禁菸套房實景,不做假照片!",東區-金山十一街,https://rent.591.com.tw/18858726,6,6800,3.4,0.125,0.1333,0.2295,,
科學園區靜心湖畔之優質套房,東區-民享街173巷,https://rent.591.com.tw/18858827,8,9500,3.3,0.25,0.2619,0.2213,,
實PO竹科園區/舒適獨洗曬/室內機車位,東區-金山二十五街,https://rent.591.com.tw/18858918,6,10500,4.1,0.125,0.3095,0.2869,,
竹科園區/舒適溫馨採光/機能便利,東區-金山二十三街,https://rent.591.com.tw/18859015,7,9500,4.1,0.1875,0.2619,0.2869,,
e金山街//飯店式裝潢//秒殺物件,東區-金山北二街,https://rent.591.com.tw/18859221,6,12000,3.7,0.125,0.3810,0.2541,,
實PO｜金山街獨立洗衣機大坪數室內機車位電梯套房,東區-金山二十三街,https://rent.591.com.tw/18859328,7.5,11000,4.1,0.21875,0.3333,0.2869,,
實PO|金山街獨立陽台洗曬採光通風足電梯套房,東區-金山北一街,https://rent.591.com.tw/18859360,7,9000,4.5,0.1875,0.2381,0.3197,,
元培街獨立套房，近大庄、元培、玄奘大學,香山區-元培街,https://rent.591.com.tw/18859363,6,5000,8.4,0.125,0.0476,0.6393,,
實PO｜金山街採光對外窗獨立洗曬衛浴乾濕分離電梯套房,東區-金山街,https://rent.591.com.tw/18859395,8,13000,3.7,0.25,0.4286,0.2541,,
實PO｜台電均價瓦熱獨立洗曬衛浴室乾溼分離電梯套房,東區-金山十一街,https://rent.591.com.tw/18859418,10,17000,3.4,0.375,0.6190,0.2295,,
實PO｜金山街獨立陽台洗曬流理台租金實惠室內機車位,東區-金山二十三街,https://rent.591.com.tw/18859431,7,12000,4.1,0.1875,0.3810,0.2869,,
實照龍山社區裝潢新採光通風佳室內機車位有電梯,東區-科學園路,https://rent.591.com.tw/18859452,6,9900,2.8,0.125,0.2810,0.1803,,
有巢六家-近聯發科科園雅築樓中樓套房,東區-金山二十五街,https://rent.591.com.tw/18859599,10,13000,4.1,0.375,0.4286,0.2869,,
🏡好市多對面-全新裝潢大套房-有機車位垃圾處理,東區-埔頂路100巷,https://rent.591.com.tw/18859906,8,14500,3.6,0.25,0.5000,0.2459,,
"近竹科,台電計價,溫馨套房,伶包入住",東區-埔頂一路161巷,https://rent.591.com.tw/18859917,6.5,15000,3.5,0.15625,0.5238,0.2377,,
請5/22號後再來電*房子還在,北區-經國路二段212號,https://rent.591.com.tw/18860022,7,11000,5.1,0.1875,0.3333,0.3689,,
"近遠百,巨城,精美大套房",北區-經國路二段,https://rent.591.com.tw/18860059,20,25000,5.2,1,1.0000,0.3770,,
近巨城樓中樓兩房適合新婚夫妻及小家庭設備齊全拎包入住,北區-經國路二段160號,https://rent.591.com.tw/18860278,14,18000,5.3,0.625,0.6667,0.3852,,
"格局方正,通風採光極佳大套房",東區-自由路95巷18弄,https://rent.591.com.tw/18860471,14,16000,5.9,0.625,0.5714,0.4344,,
C竹科-高翠系統櫃套房-獨立陽台洗衣機,東區-高翠路327巷8弄,https://rent.591.com.tw/18860748,7,12500,2.1,0.1875,0.4048,0.1230,,
大套房.品質優.機能佳.附室內機車位。,香山區-宮口街33巷,https://rent.591.com.tw/18860944,13,9000,8.8,0.5625,0.2381,0.6721,,
大庄優質套房.變頻冷氣更省電,香山區-香北一路,https://rent.591.com.tw/18860964,6,5500,8.6,0.125,0.0714,0.6557,,
市中心大套房鄰近巨城商圈,東區-經國路一段479巷1弄18號,https://rent.591.com.tw/18861236,12,15000,6.1,0.5,0.5238,0.4508,,
市區/清.交.竹教/園區/近食品路麥當勞,東區-高峰路,https://rent.591.com.tw/18861510,8,7000,2.8,0.25,0.1429,0.1803,,
匯達⭐️明湖清幽寧靜雙套房A12,東區-明湖路482巷65弄,https://rent.591.com.tw/18861535,14,17000,4.7,0.625,0.6190,0.3361,,
兆基社會住宅🏡可寵可租補免仲!西大路美景套房,北區-西大路709巷,https://rent.591.com.tw/18862132,9.9,13000,5.3,0.36875,0.4286,0.3852,,
近園區陽台套房獨立洗衣機/垃圾處理,東區-安康街,https://rent.591.com.tw/18862287,7,7500,3.5,0.1875,0.1667,0.2377,,
租金含管網，獨立洗衣機，有警衛電梯，獨立電表,北區-中華路三段,https://rent.591.com.tw/18862309,15,12500,4.4,0.6875,0.4048,0.3115,,
竹科門口．好市多商圈．室內機車位．社區管理．垃圾集中,東區-埔頂一路161巷,https://rent.591.com.tw/18862858,8,15000,3.5,0.25,0.5238,0.2377,,
竹科門口．好市多商圈．室內機車位．社區管理．垃圾集中,東區-埔頂一路161巷,https://rent.591.com.tw/18862858,8,15000,3.7,0.25,0.5238,0.2541,,
B竹科金選~小資必選採光房,東區-金山八街,https://rent.591.com.tw/18862870,6,8000,3.3,0.125,0.1905,0.2213,,
金山商圈/小資套房/獨立陽台洗衣機,東區-金山二十七街,https://rent.591.com.tw/18863362,5,8000,4.4,0.0625,0.1905,0.3115,,
近園區．台電台水．有陽台．可養貓．垃圾集中,東區-光復路一段,https://rent.591.com.tw/18863558,8,12000,3.1,0.25,0.3810,0.2049,,
近方正套房．瓦斯熱水器,東區-東南街28巷,https://rent.591.com.tw/18863580,8,7500,3.7,0.25,0.1667,0.2541,,
湳雅街大潤發*大器典範優質電梯套房,北區-鐵道路二段,https://rent.591.com.tw/18864017,7,7000,7,0.1875,0.1429,0.5246,,
對外窗電梯套房處理垃圾近園區免費洗衣中央,東區-食品路378巷,https://rent.591.com.tw/18864241,7,8000,3.2,0.1875,0.1905,0.2131,,
L竹科精選-嶄新獨洗大套房-室內機車位(可稅),東區-光復路一段459巷,https://rent.591.com.tw/18864774,13,21500,3.1,0.5625,0.8333,0.2049,,
W近園區.清大南院｜電梯陽台套房｜限竹科,東區-明湖路243巷,https://rent.591.com.tw/18864846,6,10000,2.9,0.125,0.2857,0.1885,,
W近園區明湖路｜嶄新美套房｜獨立洗衣機,東區-明湖路800巷4弄,https://rent.591.com.tw/18864941,8,9500,4.5,0.25,0.2619,0.3197,,
電梯陽台～乾濕分離～園區五分鐘~,東區-明湖路,https://rent.591.com.tw/18865245,11,13500,4.3,0.4375,0.4524,0.3033,,
*近園區*煙波主人飯店式管理溫馨獨立套房,東區-明湖路,https://rent.591.com.tw/18865369,10,13000,4.3,0.375,0.4286,0.3033,,
巨城旁．含管網四．有陽台．全新整理．機車位,東區-民生路,https://rent.591.com.tw/18865677,6,7500,5.6,0.125,0.1667,0.4098,,
🌟飯店式套房~🍎免水費🍎免瓦斯費🌟,香山區-元培街211號,https://rent.591.com.tw/18866161,6,8000,8.2,0.125,0.1905,0.6230,,
📣可租補❤️‍🔥中華大學旁優質套房,香山區-明德路,https://rent.591.com.tw/18866192,6,5500,8.2,0.125,0.0714,0.6230,,
近園區．可養貓．垃圾集中．含網四水．可租補,東區-高峰路,https://rent.591.com.tw/18866348,6,7500,2.8,0.125,0.1667,0.1803,,
市中心可寵物．電梯大套房．含網四水,北區-江山街,https://rent.591.com.tw/18866364,12,16000,4.3,0.5,0.5714,0.3033,,
可租屋補助*近清大竹科*住戶單純*陽台洗衣機,東區-南大路,https://rent.591.com.tw/18866657,8,14800,3.2,0.25,0.5143,0.2131,,
D老爺推薦x溫馨套房x園區旁,東區-高峰路1號,https://rent.591.com.tw/18866771,7,7500,2.7,0.1875,0.1667,0.1721,,
Mycity優質電梯陽台套房,東區-中央路245巷,https://rent.591.com.tw/18867305,8,15000,5.9,0.25,0.5238,0.4344,,
全新整理套房,東區-經國路一段379巷10弄,https://rent.591.com.tw/18867848,9.5,10000,5.9,0.34375,0.2857,0.4344,,
機車位/垃圾代收/對外窗,東區-光復路一段544巷32弄,https://rent.591.com.tw/18867943,5,6500,2.6,0.0625,0.1190,0.1639,,
漾漾紅大樓｜市心高樓視野美套房,東區-中華路二段,https://rent.591.com.tw/18868102,6.3,12000,4.3,0.14375,0.3810,0.3033,,
園區超美裝潢小豪宅~飯店管理環境優,東區-明湖路,https://rent.591.com.tw/18868245,10,13800,4.3,0.375,0.4667,0.3033,,
＊已經出租了謝謝＊,東區-忠孝路,https://rent.591.com.tw/18868289,6.5,7000,4.8,0.15625,0.1429,0.3443,,
新竹市近巨城生活商圈/優質獨立套房,東區-民權路56巷19號,https://rent.591.com.tw/18868740,8,15000,5.1,0.25,0.5238,0.3689,,
科學園區清大南校門對面獨立套房,東區-寶山路,https://rent.591.com.tw/18868832,6,7500,1.5,0.125,0.1667,0.0738,,
全新冷氣洗衣機電視冰箱床組衣櫥可寵貓,香山區-柯湳一街102號,https://rent.591.com.tw/18869317,5.5,6500,8.1,0.09375,0.1190,0.6148,,
市中心✨高挑舒適樓中樓｜台水台電、獨立洗曬陽台、專屬機車位✨,北區-仁德街,https://rent.591.com.tw/18869588,15,17500,4.5,0.6875,0.6429,0.3197,,
"樓層高,通風,變頻新冷氣,洗衣免投幣",東區-金山二十五街,https://rent.591.com.tw/18869759,12,8888,4.1,0.5,0.2328,0.2869,,
新裝潢精緻套房市區火車站大遠百城隍廟圓環,東區-南外街17巷,https://rent.591.com.tw/18870282,6,7900,3.7,0.125,0.1857,0.2541,,
好事多旁飯店式屋況很新獨立陽台洗衣機,東區-埔頂一路,https://rent.591.com.tw/18870458,15,20500,3.5,0.6875,0.7857,0.2377,,
全新陽台套房竹科大門不塞車近清大交大,東區-公道五路二段130巷2弄,https://rent.591.com.tw/18870662,10,14000,3.8,0.375,0.4762,0.2623,,
後站優質獨立套房有陽台室內機車位(B室),東區-東大路一段52巷,https://rent.591.com.tw/18870785,8,9500,4.1,0.25,0.2619,0.2869,,
市中心✳️錢櫃旁大套房出租近城黃廟遠百巨城,北區-北大路262號,https://rent.591.com.tw/18870958,5,7500,4.6,0.0625,0.1667,0.3279,,
園區正門陽台套房木地板個人洗衣機近竹科交大清大,東區-龍山西路181巷,https://rent.591.com.tw/18871213,6,8500,3.1,0.125,0.2143,0.2049,,
大庄全新精緻套房出租//居住最佳選擇,香山區-宮口街57巷,https://rent.591.com.tw/18871279,6,5800,8.8,0.125,0.0857,0.6721,,
【獨洗獨曬】金山街後段近園區獨立後陽台&洗衣機安靜套房出租,東區-金山二十三街,https://rent.591.com.tw/18871660,7,10500,4.1,0.1875,0.3095,0.2869,,
e金山街//小資獨立洗衣機套房,東區-金山二十七街,https://rent.591.com.tw/18871825,6,8000,4.4,0.125,0.1905,0.3115,,
市區遠百城隍廟~陽台美套,北區-中山路,https://rent.591.com.tw/18872342,12,14000,4.6,0.5,0.4762,0.3279,,
月影-園區5分鐘-飯店式管理套房-陽台-洗衣機,東區-關新路29號,https://rent.591.com.tw/18872347,10,13000,3.5,0.375,0.4286,0.2377,,
J金山實惠優質套房,東區-光復路一段89巷,https://rent.591.com.tw/18872524,6,7500,4.1,0.125,0.1667,0.2869,,
J竹科金山生活圈獨立陽台洗衣機,東區-金山二十七街,https://rent.591.com.tw/18872570,6,8000,4.4,0.125,0.1905,0.3115,,
近竹科清大交大光復路優質採光套房出租,東區-光復路一段683巷,https://rent.591.com.tw/18872581,5,6000,1.8,0.0625,0.0952,0.0984,,
市區近68💗獨立洗曬有流理台、屋況超優｜可租補報稅可家庭✨,北區-竹光路,https://rent.591.com.tw/18872635,17,18800,5.5,0.8125,0.7048,0.4016,,
MyCity車位大套房,東區-中央路245巷,https://rent.591.com.tw/18872886,12.1,24000,6.2,0.50625,0.9524,0.4590,,
金山商圈/電梯採光套房/可貓咪，可租補,東區-金山九街,https://rent.591.com.tw/18873265,6,9000,3.4,0.125,0.2381,0.2295,,
竹科、關埔國小超值套房出租長春街148巷,東區-長春街148巷,https://rent.591.com.tw/18873468,4,4500,3.2,0,0.0238,0.2131,,
兆基社會住宅🏡可租補免仲!竹光路採光套房,北區-竹光路,https://rent.591.com.tw/18873563,7.4,12000,5.5,0.2125,0.3810,0.4016,,
J金山近科學園區｜美裝套房｜可開伙｜,東區-金山二十三街,https://rent.591.com.tw/18874605,6,12000,4.1,0.125,0.3810,0.2869,,
一卡皮箱入住、衛浴有開窗、台水台電、正市區精緻套房,北區-經國路二段111號,https://rent.591.com.tw/18874848,5.5,10000,5.4,0.09375,0.2857,0.3934,,
湳雅大潤發單人陽台套房-獨洗-可租補,北區-水田街91巷,https://rent.591.com.tw/18875245,6,9000,5.8,0.125,0.2381,0.4262,,
近竹科COSTCO電梯套房陽台室內機車位,東區-龍山西路,https://rent.591.com.tw/18875586,6,15000,3.5,0.125,0.5238,0.2377,,
可租補近清大南大校區警衛管理電梯大套房禁菸禁寵,北區-中華路三段,https://rent.591.com.tw/18875632,9,12000,4.4,0.3125,0.3810,0.3115,,
你要的地點來了！巨城600公尺騎車2分鐘,東區-民族路,https://rent.591.com.tw/18875798,13,12000,5.5,0.5625,0.3810,0.4016,,
🏠園區金山街獨立陽台洗衣機套房🏠,東區-金山十街,https://rent.591.com.tw/18875946,6,8000,3.4,0.125,0.1905,0.2295,,
金山街獨立陽台洗衣機套房,東區-金山十三街,https://rent.591.com.tw/18875946,7,12500,3.5,0.1875,0.4048,0.2377,,
🏠園區金山街獨立陽台洗衣機套房🏠可租補⚠️台電均價,東區-金山二十三街,https://rent.591.com.tw/18875946,8,12000,4.1,0.25,0.3810,0.2869,,
巨城三民商圈．家電具齊全小美宅,東區-自由路,https://rent.591.com.tw/18876268,9.8,10000,5.4,0.3625,0.2857,0.3934,,
【小資族首選】金山街前段近園區適合小資族採光佳獨立套房出租,東區-金山十一街2巷53弄,https://rent.591.com.tw/18876457,6,5000,3.8,0.125,0.0476,0.2623,,
【小資族首選】金山街前段近園區適合小資族採光佳獨立套房出租,東區-金山街,https://rent.591.com.tw/18876457,6,5500,3.7,0.125,0.0714,0.2541,,
【小資族首選】金山街後段近園區適合小資族採光佳獨立套房出租,東區-金山二十八街,https://rent.591.com.tw/18876490,6,7000,4.3,0.125,0.1429,0.3033,,
【小資族首選】金山街後段近園區適合小資族採光佳獨立套房出租,東區-金山十九街,https://rent.591.com.tw/18876490,5,6000,4.3,0.0625,0.0952,0.3033,,
【大坪數套房】金山街前段近園區空間寬敞&採光佳獨立套房出租,東區-金山七街,https://rent.591.com.tw/18876520,7,8000,3.3,0.1875,0.1905,0.2213,,
明湖路乾溼分離美套房,東區-明湖路,https://rent.591.com.tw/18876622,7,7000,4.3,0.1875,0.1429,0.3033,,
【大坪數套房】金山街前段近園區採光佳&稀有大坪數獨立套房出租,東區-金山街,https://rent.591.com.tw/18876962,10,11000,3.7,0.375,0.3333,0.2541,,
好市多、竹科園區、關埔、景觀視野套房,東區-世傑路,https://rent.591.com.tw/18877001,6,15000,3.1,0.125,0.5238,0.2049,,
光復路二段新光路交叉近學府路忠孝路東光路,東區-東明街,https://rent.591.com.tw/18877043,8,16500,4.5,0.25,0.5952,0.3197,,
中正路中央路交叉近大同路中山路中華路二段,東區-英明街,https://rent.591.com.tw/18877106,12,20000,4.6,0.5,0.7619,0.3279,,
中正路中央路交叉近大同路中山路,東區-英明街,https://rent.591.com.tw/18877106,12,20000,4.6,0.5,0.7619,0.3279,,
新居落成全新傢俱可租補助近普天宮仁愛之家,東區-高峰路386巷85弄11號,https://rent.591.com.tw/18877137,6,8500,2.6,0.125,0.2143,0.1639,,
沃盛匯達⭐️北門風華/可租補/可寵,北區-北門街,https://rent.591.com.tw/18877176,8.5,9000,4.7,0.28125,0.2381,0.3361,,
東南街食品路交叉旁近光復路二段中華路二段,東區-南大路125號,https://rent.591.com.tw/18877216,13,20000,3.8,0.5625,0.7619,0.2623,,
#套房出租＃清大＃交大＃竹科,東區-寶山路,https://rent.591.com.tw/18877838,6,6300,1.5,0.125,0.1095,0.0738,,
中華大學套房4500,香山區-五福路二段840巷38號,https://rent.591.com.tw/18878078,6,4500,8,0.125,0.0238,0.6066,,
沃盛匯達-城隍精華地段可貓可租補,北區-北門街,https://rent.591.com.tw/18878268,8.5,9000,4.7,0.28125,0.2381,0.3361,,
湖左岸農莊~全新套房出租,香山區-南湖路184巷56號,https://rent.591.com.tw/18878672,14,12000,12.8,0.625,0.3810,1.0000,,
優惠科學園區清大交大設計師套安全舒適,東區-金山六街,https://rent.591.com.tw/18878724,7,11800,3.3,0.1875,0.3714,0.2213,,
新設計師套房，OnlyOne，錯過不再,東區-公道五路二段,https://rent.591.com.tw/18878736,7,14800,4.7,0.1875,0.5143,0.3361,,
近巨城三民國小國中採光大套房~可開伙~台水台電,東區-自由路101號,https://rent.591.com.tw/18878915,12.5,10000,5.7,0.53125,0.2857,0.4180,,
%金山街後段全新剛完工陽台洗衣機,東區-金山二十八街39號,https://rent.591.com.tw/18879106,6,13000,4.2,0.125,0.4286,0.2951,,
特價-設計師智慧套房711就在你家,東區-金山六街,https://rent.591.com.tw/18879107,7,14800,3.3,0.1875,0.5143,0.2213,,
特價，清交大只要8分鐘、科學園區房,東區-金山六街,https://rent.591.com.tw/18879123,6,11800,3.3,0.125,0.3714,0.2213,,
可租補近工研院公道五愛買旁禁菸套房,東區-千甲路,https://rent.591.com.tw/18879271,5,6900,5.4,0.0625,0.1381,0.3934,,
"屋主自租6500/月,東區風空街35號",東區-金山里35號,https://rent.591.com.tw/18879304,8,6500,6.6,0.25,0.1190,0.4918,,
竹科、台元園區光復路套房,東區-光復路一段531巷,https://rent.591.com.tw/18879355,10,14000,2.9,0.375,0.4762,0.1885,,
兆基社會住宅🏡可租補免仲!近火車站套房,北區-林森路,https://rent.591.com.tw/18879600,10.2,13000,4.3,0.3875,0.4286,0.3033,,
實PO竹科園區/舒適溫馨大坪數/採光佳,東區-金山二十三街,https://rent.591.com.tw/18879667,8,11000,4.1,0.25,0.3333,0.2869,,
實PO竹科園區/小資採光可寵/舒適通風可寵,東區-金山十六街,https://rent.591.com.tw/18879994,7,9000,3.6,0.1875,0.2381,0.2459,,
兆基社會住宅🏡光華南街可寵套房,東區-光華南街,https://rent.591.com.tw/18880149,6.9,7000,6.6,0.18125,0.1429,0.4918,,
社會住宅可租補-全新整理大獨套有廚房可租補,北區-光華二街108巷,https://rent.591.com.tw/18880468,8.6,11000,6.9,0.2875,0.3333,0.5164,,
【獨洗獨曬】埔頂路近園區獨立陽台&洗衣機採光佳優質套房出租,東區-埔頂路100巷57弄,https://rent.591.com.tw/18881005,6,9800,3.7,0.125,0.2762,0.2541,,
近巨城醫院、24hr管理員、房租已含水電、可停車,東區-田美三街22巷6弄28號,https://rent.591.com.tw/18881269,8,15000,6,0.25,0.5238,0.4426,,
光復園區樓中樓套房,東區-光復路一段403巷,https://rent.591.com.tw/18881611,8,11500,3.1,0.25,0.3571,0.2049,,
🌊巨城7分鐘｜稀有樓中樓‼️獨立陽台‼️洗衣機‼️雙衛浴,北區-經國路二段195巷,https://rent.591.com.tw/18881776,13,15000,5.1,0.5625,0.5238,0.3689,,
【獨洗獨曬】金山街中段近園區獨立陽台&洗衣機電梯大樓套房出租,東區-金山十三街,https://rent.591.com.tw/18882278,7,12500,3.5,0.1875,0.4048,0.2377,,
沃盛匯達｜北門風華｜市中心套房｜月租9000！,北區-北門街,https://rent.591.com.tw/18882595,7,9000,4.7,0.1875,0.2381,0.3361,,
【獨洗獨曬】金山街中段獨立陽台洗衣機&採光佳電梯大樓套房出租,東區-金山十三街,https://rent.591.com.tw/18882606,7,12000,3.5,0.1875,0.3810,0.2377,,
金山街竹科園區清交大電梯獨洗獨曬套房,東區-金山街152號,https://rent.591.com.tw/18882767,7,10000,4.2,0.1875,0.2857,0.2951,,
高翠近竹科園區清大交大電梯套房,東區-高翠路277巷4弄23號,https://rent.591.com.tw/18882806,7,8000,1.9,0.1875,0.1905,0.1066,,
金山社區竹科園區光復路清大交大,東區-金山八街72號,https://rent.591.com.tw/18882872,8,9000,3.3,0.25,0.2381,0.2213,,
遠百@可租補@台電獨洗天然氣_北歐陽光超大正十坪一房一,北區-西門街182巷,https://rent.591.com.tw/18882925,10,15200,4.4,0.375,0.5333,0.3115,,
金山街台電計費竹科園區清交大電梯獨洗獨曬套房流理台,東區-金山二十七街56號,https://rent.591.com.tw/18883012,10,12000,4.2,0.375,0.3810,0.2951,,
兆基社會住宅🏡可租補免仲!近火車站獨洗套,東區-勝利路,https://rent.591.com.tw/18883163,10.6,12000,3.9,0.4125,0.3810,0.2705,,
D老爺推薦x採光明亮精美套房x城隍廟旁,北區-大同路135號,https://rent.591.com.tw/18883210,9,9000,4.6,0.3125,0.2381,0.3279,,
關新關埔埔頂迪卡農獨立洗衣機採光好格局方正變頻冷暖氣,東區-龍山西路,https://rent.591.com.tw/18883259,8,9500,3.3,0.25,0.2619,0.2213,,
金山街金山通風好採光佳簡約大空間,東區-金山北三街,https://rent.591.com.tw/18883605,8,7000,3.7,0.25,0.1429,0.2541,,
【優質套房】金山街後段近園區獨立陽台洗衣機&電梯大樓套房出租,東區-金山二十三街,https://rent.591.com.tw/18883677,7,12000,4.1,0.1875,0.3810,0.2869,,
七月份才能起租*好市多旁*採光優陽台套房*室內機車位*近園區,東區-埔頂一路,https://rent.591.com.tw/18884183,7,12500,3.5,0.1875,0.4048,0.2377,,
近巨城百貨芙洛麗飯店旁獨立陽台大套房,東區-民族路66巷,https://rent.591.com.tw/18884202,10,12000,4.8,0.375,0.3810,0.3443,,
東門國小💛電梯出租套房💛,東區-民族路30巷,https://rent.591.com.tw/18884235,5,6500,4.6,0.0625,0.1190,0.3279,,
近好市多美美1房+1廳/獨立陽台,東區-長春街156巷,https://rent.591.com.tw/18884448,6,18500,3.4,0.125,0.6905,0.2295,,
【獨立陽台】金山街前段近園區獨立陽台採光佳電梯大樓套房出租,東區-金山十一街2巷,https://rent.591.com.tw/18884570,7,9000,3.7,0.1875,0.2381,0.2541,,
【小資族首選】金山街中段瓦斯熱水器適合小資族安靜獨立套房出租,東區-金山北三街,https://rent.591.com.tw/18884661,6,7500,3.7,0.125,0.1667,0.2541,,
近園區高級電梯大樓/屋主直租/景觀優/陽台/附室內機車位,東區-金山北一街,https://rent.591.com.tw/18884806,8,14800,3.7,0.25,0.5143,0.2541,,
金山街大坪數套房、獨立陽台洗衣機、洗澡使用瓦斯、一層兩戶,東區-金山一街,https://rent.591.com.tw/18885158,10,9500,3.7,0.375,0.2619,0.2541,,
金山街中段、優質機能、格局方正、採光通風良好、飲水機垃圾集中,東區-金山十七街,https://rent.591.com.tw/18885163,8,8000,3.7,0.25,0.1905,0.2541,,
近巨城、有電梯、台水台電、獨立洗衣機、獨立流理臺可開伙,東區-自由路95巷18弄,https://rent.591.com.tw/18885224,14,16000,5.9,0.625,0.5714,0.4344,,
【獨洗獨曬】高翠路近園區獨立陽台洗衣機&電梯大樓小資套房出租,東區-高翠路277巷4弄,https://rent.591.com.tw/18885510,7,10000,1.9,0.1875,0.2857,0.1066,,
近大遠百全新電梯一層一戶大套房,北區-愛文街,https://rent.591.com.tw/18885905,15,18000,4.9,0.6875,0.6667,0.3525,,
實PO台電近竹科金山街新傢俱變頻冷氣採光通風佳,東區-金山十七街,https://rent.591.com.tw/18886516,8.5,9000,4.4,0.28125,0.2381,0.3115,,
竹科金山街全新整理秒租新傢俱電變頻冷氣流理台獨立陽台洗衣瓦熱,東區-金山十七街,https://rent.591.com.tw/18886517,9,10500,3.7,0.3125,0.3095,0.2541,,
竹科金山街全新整理秒租新傢俱電變頻冷氣流理台獨立陽台洗衣瓦熱,東區-金山十七街,https://rent.591.com.tw/18886517,9,10500,4.4,0.3125,0.3095,0.3115,,
近竹科金山街台電計價新裝潢變頻冷氣獨立陽台洗衣機,東區-金山十一街2巷53弄,https://rent.591.com.tw/18886524,9,10000,3.8,0.3125,0.2857,0.2623,,
近南清大大遠百台電均價變頻冷氣採光通風佳大坪數,東區-南大路473巷13弄,https://rent.591.com.tw/18886531,9,9000,3.5,0.3125,0.2381,0.2377,,
竹科金山街台電計價採光通風佳新家具陽台洗衣機流理台廁所對外窗,東區-金山二十七街,https://rent.591.com.tw/18886533,9,12000,4.4,0.3125,0.3810,0.3115,,
竹科金山街全新整理新傢俱電變頻冷氣流理台獨立陽台洗衣機,東區-金山北三街,https://rent.591.com.tw/18886534,8.5,10000,3.7,0.28125,0.2857,0.2541,,
近竹科金山街科學園路變頻冷氣免投幣洗衣機瓦斯熱水洗澡免錢,東區-科學園路,https://rent.591.com.tw/18886536,7,5500,2.8,0.1875,0.0714,0.1803,,
實PO竹科金山街台電計價變頻冷氣電梯省錢套房,東區-金山十二街,https://rent.591.com.tw/18886538,7,6500,3.5,0.1875,0.1190,0.2377,,
實PO竹科金山街台電計價省錢變頻冷氣採光通風佳,東區-金山五街,https://rent.591.com.tw/18886540,8,8500,3.4,0.25,0.2143,0.2295,,
金山街金凡斯稀有社區管理雙陽台獨立洗衣機乾濕分離,東區-金山二十三街32巷,https://rent.591.com.tw/18886541,7,11000,4.3,0.1875,0.3333,0.3033,,
首月免租金可租補金山街台電新裝潢獨洗曬流理台,東區-金山九街,https://rent.591.com.tw/18886545,8,13000,3.4,0.25,0.4286,0.2295,,
實PO竹科金山街清交大台電採光通風佳免投幣洗衣機,東區-金山二十八街,https://rent.591.com.tw/18886548,8.5,8500,4.3,0.28125,0.2143,0.3033,,
竹科金山街台電秒殺採光佳變頻冷氣獨立洗衣,東區-金山十八街,https://rent.591.com.tw/18886553,8,9500,4.3,0.25,0.2619,0.3033,,
近竹科金山街清交大台電獨洗獨曬可租補養貓,東區-大學路51巷,https://rent.591.com.tw/18886556,10,16000,1.7,0.375,0.5714,0.0902,,
台電計費竹科金山街變頻冷暖陽台洗衣機流理台採光通風佳瓦熱省錢,東區-金山十九街,https://rent.591.com.tw/18886557,9,13000,4.3,0.3125,0.4286,0.3033,,
台電計費竹科金山街變頻冷暖陽台洗衣機,東區-金山十九街,https://rent.591.com.tw/18886557,9,13000,4.3,0.3125,0.4286,0.3033,,
竹科金山街台電可養貓大坪數沙發室內機車位,東區-金山二十八街,https://rent.591.com.tw/18886558,9,9500,4.3,0.3125,0.2619,0.3033,,
近竹科金山街台積電雙園路台電採光通風佳獨立洗衣陽台附近好停車,東區-園區三路,https://rent.591.com.tw/18886560,8.5,10000,2.3,0.28125,0.2857,0.1393,,
近竹科金山街高翠路清交大系統家具木地板獨立陽台洗衣機變頻冷氣,東區-高翠路327巷8弄,https://rent.591.com.tw/18886561,8.5,12000,2.1,0.28125,0.3810,0.1230,,
實PO竹科金山街清交大可貓木地板採光通風佳,東區-金山一街,https://rent.591.com.tw/18886563,8,8000,3.7,0.25,0.1905,0.2541,,
竹科金山街台電小資族秒殺物件獨洗獨曬電梯,東區-金山二十一街,https://rent.591.com.tw/18886564,8,8500,4.2,0.25,0.2143,0.2951,,
近竹科金山街長春街台電新傢俱變頻冷氣洗脫烘衣機流理台窗台曬衣,東區-長春街118巷,https://rent.591.com.tw/18886569,9,12000,3.3,0.3125,0.3810,0.2213,,
近竹科金山街清交大新莊街大坪數採光通風佳變頻冷氣瓦熱省錢,東區-新莊街,https://rent.591.com.tw/18886574,9,7000,3.3,0.3125,0.1429,0.2213,,
近竹科清大南大校區邊間大套房,東區-明湖路,https://rent.591.com.tw/18886944,7,7500,4.3,0.1875,0.1667,0.3033,,
獨立大陽台、新專屬洗衣機、明亮、通風、寧靜！生活機能佳！,東區-南大路,https://rent.591.com.tw/18887020,8,11500,3.2,0.25,0.3571,0.2131,,
獨家𝓝振興商圈｜電梯美套｜個人洗衣機｜禁寵物｜詳閱介紹,東區-振興路109巷,https://rent.591.com.tw/18887034,6,8000,4.3,0.125,0.1905,0.3033,,
沃盛匯達⭐️北門風華全新裝潢電梯套房5E,北區-北門街,https://rent.591.com.tw/18887160,8.5,9000,4.7,0.28125,0.2381,0.3361,,
%金山街後段流理台獨立陽台洗衣機,東區-金山二十三街,https://rent.591.com.tw/18887564,7,12000,4.1,0.1875,0.3810,0.2869,,
巨城美裝套房/個人洗衣機,北區-經國路二段,https://rent.591.com.tw/18888009,7,10000,5.2,0.1875,0.2857,0.3770,,
金山街*健身套房*近園區*工研院,東區-金山北三街,https://rent.591.com.tw/18888169,6.5,7500,3.7,0.15625,0.1667,0.2541,,
金山金山園區金山街生活機能佳採光佳明亮有電梯可租補,東區-金山二十五街,https://rent.591.com.tw/18888351,7,8500,4.1,0.1875,0.2143,0.2869,,
中華大學可養貓~專人倒垃圾!,香山區-茄冬路27巷,https://rent.591.com.tw/18888425,6,4200,8.7,0.125,0.0095,0.6639,,
金山金山街清交大園區家具齊全溫馨分離式冷氣獨立洗衣機公設廚房,東區-金山二十三街,https://rent.591.com.tw/18888474,8,9500,4.1,0.25,0.2619,0.2869,,
金山金山街明亮簡約優質套房,東區-金山街,https://rent.591.com.tw/18888478,8,11000,3.7,0.25,0.3333,0.2541,,
實PO｜近竹科可寵一房一廳採光對外窗獨立滾筒洗脫烘,東區-民有街,https://rent.591.com.tw/18888490,10,16000,2.9,0.375,0.5714,0.1885,,
【小資族首選】民享街近園區&清交大小資族電梯大樓獨立套房出租,東區-民享街,https://rent.591.com.tw/18888796,6,7800,2.9,0.125,0.1810,0.1885,,
高翠優質8坪套房,東區-高翠路365號,https://rent.591.com.tw/18889021,8,7500,2.1,0.25,0.1667,0.1230,,
沃盛匯達⭐️北門風華全新裝潢電梯套房5B,北區-北門街27號,https://rent.591.com.tw/18889156,8,9000,4.4,0.25,0.2381,0.3115,,
1+1超大套房，3分進園區5分到火車站,東區-西大路,https://rent.591.com.tw/18889387,16,13000,4.1,0.75,0.4286,0.2869,,
中華大學～套房出租,香山區-明湖路三巷10號,https://rent.591.com.tw/18889405,7,5000,4.6,0.1875,0.0476,0.3279,,
元培大學優值套房出租,香山區-芝柏五街17號,https://rent.591.com.tw/18889468,10,5000,7.2,0.375,0.0476,0.5410,,
金山金山街超省超通風廁所有對外窗,東區-金山二十六街,https://rent.591.com.tw/18890997,10,7500,4.1,0.375,0.1667,0.2869,,
近新竹大遠百。景觀樓中樓。歡迎洽詢,北區-中山路,https://rent.591.com.tw/18891303,13,15000,4.6,0.5625,0.5238,0.3279,,
實PO竹科園區/報稅租補/採光小資電梯,東區-金山十一街,https://rent.591.com.tw/18891329,6,8500,3.4,0.125,0.2143,0.2295,,
垃圾集中處理📍採光通風超讚📍格局方正📍飲水機,東區-金山二十八街,https://rent.591.com.tw/18891543,8,8000,4.3,0.25,0.1905,0.3033,,
獨立洗衣機📍可租屋補助📍採光通風超讚📍分離式冷氣,東區-南大路,https://rent.591.com.tw/18891550,9,14800,3.2,0.3125,0.5143,0.2131,,
垃圾集中🐳飲水機🐳格局方正🐳網路、第四台,東區-東山街60巷,https://rent.591.com.tw/18891554,6,7500,3.3,0.125,0.1667,0.2213,,
垃圾集中🐳飲水機🐳格局方正🐳獨立曬衣陽台🐳獨立洗衣機,北區-仁德街,https://rent.591.com.tw/18891559,15,17500,4.5,0.6875,0.6429,0.3197,,
家具齊全✨採光一房一廳✨戶數單純✨台水電✨黃金地段✨平車,東區-埔頂一路,https://rent.591.com.tw/18891565,12,25000,3.5,0.5,1.0000,0.2377,,
大學城明亮大套房出租,香山區-至善街35巷,https://rent.591.com.tw/18891800,9,5300,8.6,0.3125,0.0619,0.6557,,
實PO竹科園區/採光租補報稅/室內機車位,東區-金山十一街,https://rent.591.com.tw/18891887,6,9900,3.4,0.125,0.2810,0.2295,,
竹科靜心湖旁全新電梯陽台大套房,東區-科學園路162巷3弄,https://rent.591.com.tw/18892065,7,20000,3,0.1875,0.7619,0.1967,,
實PO｜金山街大坪數獨立陽台洗曬衛浴乾濕分離,東區-金山十街,https://rent.591.com.tw/18892409,12,17000,3.4,0.5,0.6190,0.2295,,
近中央路巨城＊可養貓景觀大套房＊獨立洗衣機,東區-東大路一段,https://rent.591.com.tw/18893331,12,14000,4.8,0.5,0.4762,0.3443,,
近中央路巨城＊可養貓電梯套房*獨立洗衣機,東區-東大路一段,https://rent.591.com.tw/18893332,12,14000,4.8,0.5,0.4762,0.3443,,
金山街高級套房（近園區）,東區-金山北一街,https://rent.591.com.tw/18893432,5,8000,3.7,0.0625,0.1905,0.2541,,
金山23街電梯套房個人洗衣機,東區-金山二十三街,https://rent.591.com.tw/18894560,9,12000,4.1,0.3125,0.3810,0.2869,,
室內機車位一級變頻冷暖150M高速網路可養寵一房一廳流理台,東區-民有街,https://rent.591.com.tw/18895181,10,16000,2.9,0.375,0.5714,0.1885,,
金山金山街光復星巴克屈臣氏近全聯溫馨典雅大坪數空間很好用,東區-金山街,https://rent.591.com.tw/18895298,9,10000,3.7,0.3125,0.2857,0.2541,,
金山街近竹科簡約風格大面採光佳通風良好分離式冷氣,東區-金山六街,https://rent.591.com.tw/18895334,7,8500,3.3,0.1875,0.2143,0.2213,,
金山街光復星巴克生活機能好溫馨典雅採光好大空間大浴室有對外窗,東區-金山街,https://rent.591.com.tw/18895401,7,9000,3.7,0.1875,0.2381,0.2541,,
金山社區金山街金山清大交大竹科園區五星級套房,東區-金山二十八街,https://rent.591.com.tw/18895430,8,8500,4.3,0.25,0.2143,0.3033,,
金山街金山全聯光復星巴克生活機能好溫馨典雅,東區-金山街,https://rent.591.com.tw/18895445,8,9000,3.7,0.25,0.2381,0.2541,,
近巨城-晶鑽-全新整理樓中樓大套房,東區-經國路一段,https://rent.591.com.tw/18895994,14,17000,6,0.625,0.6190,0.4426,,
近園區機能套房/屋況佳,東區-科學園路,https://rent.591.com.tw/18896113,5,6000,2.8,0.0625,0.0952,0.1803,,
租近園區.獨立套房.附陽台,東區-明湖路1050巷,https://rent.591.com.tw/18896192,7,6500,4.3,0.1875,0.1190,0.3033,,
近南大路寬敞舒適大套房有機車位,北區-南大路,https://rent.591.com.tw/18896357,10,8500,4.5,0.375,0.2143,0.3197,,
租巨城旁.屋況極新附陽台洗衣機,東區-中央路245巷,https://rent.591.com.tw/18896611,15,15000,5.9,0.6875,0.5238,0.4344,,
實PO竹科園區/舒適樓中樓/好事多機能便利,東區-埔頂一路,https://rent.591.com.tw/18896657,15,20000,3.5,0.6875,0.7619,0.2377,,
全新傢俱，近空軍醫院旁。貓咪友善，電梯套房,北區-中正路419巷6號,https://rent.591.com.tw/18896842,6,8500,6,0.125,0.2143,0.4426,,
長春街精緻裝潢景觀套房(面公園),東區-長春街,https://rent.591.com.tw/18897158,4.5,8800,3.2,0.03125,0.2286,0.2131,,
61快速道路旁1+1房1廳1廚,香山區-香北一路,https://rent.591.com.tw/18898529,16,19500,9.2,0.75,0.7381,0.7049,,
61快速道路旁1+1房1廳1廚,香山區-香北一路,https://rent.591.com.tw/18898529,16,19500,8.6,0.75,0.7381,0.6557,,
社會住宅可租補-獨立大套房/家俱電全,香山區-至善街37巷,https://rent.591.com.tw/18898717,6.2,7000,8.6,0.1375,0.1429,0.6557,,
社會住宅可租補-獨立大套房/家俱電全,北區-經國路二段,https://rent.591.com.tw/18898717,13.8,14500,5.2,0.6125,0.5000,0.3770,,
竹科大門｜機能優｜採買方便,東區-光復路一段,https://rent.591.com.tw/18898754,8,8000,3.1,0.25,0.1905,0.2049,,
竹科大門｜機能優｜採買方便｜,東區-光復路一段,https://rent.591.com.tw/18898754,6,5500,3.1,0.125,0.0714,0.2049,,
"套房出租,近園區",東區-長春街,https://rent.591.com.tw/18899145,4,4000,3.2,0,0.0000,0.2131,,
近園區可寵物套房/垃圾處理/個人洗衣機,東區-安康街,https://rent.591.com.tw/18899443,7,7800,3.5,0.1875,0.1810,0.2377,,
大遠百電梯採光套房/可開伙,東區-南門街,https://rent.591.com.tw/18899479,6,6500,3.8,0.125,0.1190,0.2623,,
"單人套房,近園區、清大、交大",東區-長春街150巷,https://rent.591.com.tw/18899532,5,6000,3.2,0.0625,0.0952,0.2131,,
中正路市政府旁近火車站精裝優質大套房出租,北區-中正路,https://rent.591.com.tw/18899666,10,11500,5.5,0.375,0.3571,0.4016,,
鄰近竹科.金山商圈/獨立洗衣機.室內停機車,東區-介壽路,https://rent.591.com.tw/18900162,8,16000,3.1,0.25,0.5714,0.2049,,
金山商圈/小資套房.分離式冷氣,東區-金山二十七街,https://rent.591.com.tw/18900169,5,7000,4.4,0.0625,0.1429,0.3115,,
🌟市區火車站大遠百全新整理小豪宅🌟,東區-林森路,https://rent.591.com.tw/18900352,7.1,15000,4.3,0.19375,0.5238,0.3033,,
👉科學園區小資族電梯套房/清交大,東區-民享街,https://rent.591.com.tw/18900673,6,7600,2.9,0.125,0.1714,0.1885,,
金山前段獨立陽臺/全新家電個人洗衣機,東區-金山九街,https://rent.591.com.tw/18901293,8,12000,3.4,0.25,0.3810,0.2295,,
Mycity/飯店式管理/鄰近巨城,東區-中央路,https://rent.591.com.tw/18901318,12,15000,5.1,0.5,0.5238,0.3689,,
⭐近竹科園區、好市多商圈、新莊車站商圈⭐,東區-埔頂一路161巷,https://rent.591.com.tw/18902072,6,15000,3.7,0.125,0.5238,0.2541,,
⭐近巨城大遠百商圈、新竹火車站、竹科園區⭐,北區-經國路二段,https://rent.591.com.tw/18902077,8,13500,5.2,0.25,0.4524,0.3770,,
⭐近竹科園區、金山街美食商圈、好市多商圈、新莊車站商圈⭐,東區-金山二十八街,https://rent.591.com.tw/18902084,8,8000,4.3,0.25,0.1905,0.3033,,
全新裝潢元培玄奘走3分鐘到校獨立陽台廚房,香山區-元培街277巷,https://rent.591.com.tw/18902611,8,5300,8.9,0.25,0.0619,0.6803,,
民宿渡假風單人套房-房東自租,東區-金山街37號,https://rent.591.com.tw/18902700,5,6500,3.3,0.0625,0.1190,0.2213,,
金山金山街清交園區溫馨分離式冷氣獨立陽台洗衣機,東區-金山十八街,https://rent.591.com.tw/18902999,7.5,7500,4.3,0.21875,0.1667,0.3033,,
5年新樓中樓👫近竹科好市多適合情侶小家庭❤️陽台電梯車位,東區-埔頂一路,https://rent.591.com.tw/18903117,14,23000,3.5,0.625,0.9048,0.2377,,
中央路近巨城百貨旁7/1號起租,北區-中央路,https://rent.591.com.tw/18903125,7,14999,5.1,0.1875,0.5238,0.3689,,
經國路一段近民生路~光華東街大套房出租,北區-光華一街,https://rent.591.com.tw/18903144,17,13999,6.4,0.8125,0.4761,0.4754,,
近民生路三民路民權路巨城百貨機械平移車位,北區-中央路245巷,https://rent.591.com.tw/18903148,18,21999,5.6,0.875,0.8571,0.4098,,
民生路~三民路民權路巨城百貨旁機械平移車位,北區-中央路245巷58號,https://rent.591.com.tw/18903160,18,21999,5.6,0.875,0.8571,0.4098,,
東大路一段近中央路巨城百貨旁可貓咪,東區-東大路一段132號,https://rent.591.com.tw/18903162,12,13999,5,0.5,0.4761,0.3607,,
經國路二段高樓層優質樓中樓套房出租,北區-北新街,https://rent.591.com.tw/18903178,16,17999,4.8,0.75,0.6666,0.3443,,
~豪哥出擊~市中心~精選套房~真舒適,北區-經國路二段,https://rent.591.com.tw/18903768,7,8500,5.2,0.1875,0.2143,0.3770,,
萬元內大坪數浴廁對外窗室內機車位變頻冷氣採光好小資電梯套房,東區-金山七街,https://rent.591.com.tw/18903825,6.5,8000,3.3,0.15625,0.1905,0.2213,,
實PO竹科園區/採光租補報稅便利/室內機車位窗型變頻冷氣,東區-金山七街,https://rent.591.com.tw/18903936,6,8000,3.3,0.125,0.1905,0.2213,,
L竹科精選-金山東街-小資獨立房,東區-金山東三街,https://rent.591.com.tw/18903959,5,6500,4.5,0.0625,0.1190,0.3197,,
L竹科-金山街-採光小資房,東區-光復路一段89巷,https://rent.591.com.tw/18903971,5,6500,4.2,0.0625,0.1190,0.2951,,
近園區．含網四水．適學生、上班族,東區-食品路,https://rent.591.com.tw/18904047,7,7000,3.1,0.1875,0.1429,0.2049,,
實PO｜金山街採光對外窗裝潢新衛浴對外窗電梯套房,東區-金山七街,https://rent.591.com.tw/18904140,7,8000,3.3,0.1875,0.1905,0.2213,,
竹科優質套房出租,東區-金山北三街98號,https://rent.591.com.tw/18904190,7,6300,3.8,0.1875,0.1095,0.2623,,
🌹竹科首選｜精美挑高樓中樓｜含管,東區-埔頂一路,https://rent.591.com.tw/18904406,12,23000,3.5,0.5,0.9048,0.2377,,
C竹科｜獨立陽台洗衣機150M網｜流理臺機車位,東區-金山二十三街,https://rent.591.com.tw/18905900,6.5,12000,4.1,0.15625,0.3810,0.2869,,
近園區後站食品路全新優質獨立陽台套房,東區-東南街210巷1弄,https://rent.591.com.tw/7705307,7,9600,2.8,0.1875,0.2667,0.1803,,
